File accession	File format	Output type	Assay term name	Dataset accession	Annotation type	Software used	Encyclopedia Version	Biosample term id	Biosample term name	Biosample type	Life stage	Age	Age units	Organism	Targets	Dataset date released	Project	Lab	md5sum	dbxrefs	File download URL	Assembly	Controlled by	File Status	Derived from	S3 URL	Azure URL	Size	Audit WARNING	Audit NOT_COMPLIANT	Audit ERROR
ENCFF708QLS	bed bed3+	semi-automated genome annotation		ENCSR650CBW	chromatin state		ENCODE v1	CL:0000905	effector memory CD4-positive, alpha-beta T cell	primary cell				Homo sapiens		2021-07-28	ENCODE	Bill Noble, UW	f1e584fb85fc12367fe8842916656cc4		https://www.encodeproject.org/files/ENCFF708QLS/@@download/ENCFF708QLS.bed.gz	hg19		released		https://encode-public.s3.amazonaws.com/2017/01/10/14a94c2d-e374-4dee-9356-42f997c23816/ENCFF708QLS.bed.gz	https://datasetencode.blob.core.windows.net/dataset/2017/01/10/14a94c2d-e374-4dee-9356-42f997c23816/ENCFF708QLS.bed.gz?sv=2019-10-10&si=prod&sr=c&sig=9qSQZo4ggrCNpybBExU8SypuUZV33igI11xw0P7rB3c%3D	74056320			
ENCFF386ZTK	bed bed3+	semi-automated genome annotation		ENCSR014MWE	chromatin state		ENCODE v1	CL:0000624	CD4-positive, alpha-beta T cell	primary cell				Homo sapiens		2021-07-28	ENCODE	Bill Noble, UW	060dd23c465224a42d902d581098b594		https://www.encodeproject.org/files/ENCFF386ZTK/@@download/ENCFF386ZTK.bed.gz	hg19		released		https://encode-public.s3.amazonaws.com/2017/01/10/f9b1ecd5-6522-4b73-9ab6-59955fe5d5b1/ENCFF386ZTK.bed.gz	https://datasetencode.blob.core.windows.net/dataset/2017/01/10/f9b1ecd5-6522-4b73-9ab6-59955fe5d5b1/ENCFF386ZTK.bed.gz?sv=2019-10-10&si=prod&sr=c&sig=9qSQZo4ggrCNpybBExU8SypuUZV33igI11xw0P7rB3c%3D	58558889			
ENCFF880DHD	bed bed3+	semi-automated genome annotation		ENCSR140TGI	chromatin state		ENCODE v1	CL:0000895	naive thymus-derived CD4-positive, alpha-beta T cell	primary cell				Homo sapiens		2021-07-28	ENCODE	Bill Noble, UW	6bbaeb072e17963a40ac0f32345ee12d		https://www.encodeproject.org/files/ENCFF880DHD/@@download/ENCFF880DHD.bed.gz	hg19		released		https://encode-public.s3.amazonaws.com/2017/01/10/9a8262e5-2d67-4f57-a791-efdcf7d3c6ad/ENCFF880DHD.bed.gz	https://datasetencode.blob.core.windows.net/dataset/2017/01/10/9a8262e5-2d67-4f57-a791-efdcf7d3c6ad/ENCFF880DHD.bed.gz?sv=2019-10-10&si=prod&sr=c&sig=9qSQZo4ggrCNpybBExU8SypuUZV33igI11xw0P7rB3c%3D	72149193			
ENCFF998SNL	bed bed3+	semi-automated genome annotation		ENCSR378WXP	chromatin state		ENCODE v1	CL:0000623	natural killer cell	primary cell				Homo sapiens		2021-07-28	ENCODE	Bill Noble, UW	9657138c2a3497e0c21d26a03a3b9172		https://www.encodeproject.org/files/ENCFF998SNL/@@download/ENCFF998SNL.bed.gz	hg19		released		https://encode-public.s3.amazonaws.com/2017/01/10/21e34c82-001f-4005-a6f3-cdfd926f8278/ENCFF998SNL.bed.gz	https://datasetencode.blob.core.windows.net/dataset/2017/01/10/21e34c82-001f-4005-a6f3-cdfd926f8278/ENCFF998SNL.bed.gz?sv=2019-10-10&si=prod&sr=c&sig=9qSQZo4ggrCNpybBExU8SypuUZV33igI11xw0P7rB3c%3D	46004486			
ENCFF954WEV	bed bed3+	semi-automated genome annotation		ENCSR325IUY	chromatin state		ENCODE v1	CL:0000909	CD8-positive, alpha-beta memory T cell	primary cell				Homo sapiens		2021-07-28	ENCODE	Bill Noble, UW	eea760162f2b4a7c66496a2d78df16df		https://www.encodeproject.org/files/ENCFF954WEV/@@download/ENCFF954WEV.bed.gz	hg19		released		https://encode-public.s3.amazonaws.com/2017/01/10/245f17ea-640d-46c9-8dd9-9f6c3db0e7d2/ENCFF954WEV.bed.gz	https://datasetencode.blob.core.windows.net/dataset/2017/01/10/245f17ea-640d-46c9-8dd9-9f6c3db0e7d2/ENCFF954WEV.bed.gz?sv=2019-10-10&si=prod&sr=c&sig=9qSQZo4ggrCNpybBExU8SypuUZV33igI11xw0P7rB3c%3D	74490390			
ENCFF770DFW	bed bed3+	semi-automated genome annotation		ENCSR616EDE	chromatin state		ENCODE v1	CL:0000624	CD4-positive, alpha-beta T cell	primary cell				Homo sapiens		2021-07-28	ENCODE	Bill Noble, UW	2884a2e0ce87145ec6b7aa9d059dd0c7		https://www.encodeproject.org/files/ENCFF770DFW/@@download/ENCFF770DFW.bed.gz	hg19		released		https://encode-public.s3.amazonaws.com/2017/01/10/2a49172a-e1f2-4f68-86a1-95dfd64ec67a/ENCFF770DFW.bed.gz	https://datasetencode.blob.core.windows.net/dataset/2017/01/10/2a49172a-e1f2-4f68-86a1-95dfd64ec67a/ENCFF770DFW.bed.gz?sv=2019-10-10&si=prod&sr=c&sig=9qSQZo4ggrCNpybBExU8SypuUZV33igI11xw0P7rB3c%3D	58567581			
ENCFF277ZKK	bed bed3+	semi-automated genome annotation		ENCSR785UOD	chromatin state		ENCODE v1	CL:0000897	CD4-positive, alpha-beta memory T cell	primary cell				Homo sapiens		2021-07-28	ENCODE	Bill Noble, UW	bd1a1083144e85bc03d630d977ff00cf		https://www.encodeproject.org/files/ENCFF277ZKK/@@download/ENCFF277ZKK.bed.gz	hg19		released		https://encode-public.s3.amazonaws.com/2017/01/10/d32b4ad4-d4c1-4007-839b-2b880a91cfe4/ENCFF277ZKK.bed.gz	https://datasetencode.blob.core.windows.net/dataset/2017/01/10/d32b4ad4-d4c1-4007-839b-2b880a91cfe4/ENCFF277ZKK.bed.gz?sv=2019-10-10&si=prod&sr=c&sig=9qSQZo4ggrCNpybBExU8SypuUZV33igI11xw0P7rB3c%3D	71688512			
ENCFF338HEJ	bed bed3+	semi-automated genome annotation		ENCSR188FDN	chromatin state		ENCODE v1	CL:0002603	astrocyte of the cerebellum	primary cell				Homo sapiens		2021-07-28	ENCODE	Bill Noble, UW	d1f75fab4b1058a6f04101795a53495c		https://www.encodeproject.org/files/ENCFF338HEJ/@@download/ENCFF338HEJ.bed.gz	hg19		released		https://encode-public.s3.amazonaws.com/2017/01/10/c52de4e3-dc3d-4d85-ae8c-dbde0ac680d5/ENCFF338HEJ.bed.gz	https://datasetencode.blob.core.windows.net/dataset/2017/01/10/c52de4e3-dc3d-4d85-ae8c-dbde0ac680d5/ENCFF338HEJ.bed.gz?sv=2019-10-10&si=prod&sr=c&sig=9qSQZo4ggrCNpybBExU8SypuUZV33igI11xw0P7rB3c%3D	74098339			
ENCFF632EJC	bed bed3+	semi-automated genome annotation		ENCSR124JZM	chromatin state		ENCODE v1	CL:0002557	fibroblast of pulmonary artery	primary cell				Homo sapiens		2021-07-28	ENCODE	Bill Noble, UW	bdd9302dcc71434f28686989515e5a19		https://www.encodeproject.org/files/ENCFF632EJC/@@download/ENCFF632EJC.bed.gz	hg19		released		https://encode-public.s3.amazonaws.com/2017/01/10/36be538c-c982-4b38-8693-125afa84ffe4/ENCFF632EJC.bed.gz	https://datasetencode.blob.core.windows.net/dataset/2017/01/10/36be538c-c982-4b38-8693-125afa84ffe4/ENCFF632EJC.bed.gz?sv=2019-10-10&si=prod&sr=c&sig=9qSQZo4ggrCNpybBExU8SypuUZV33igI11xw0P7rB3c%3D	71666650			
ENCFF098NHN	bed bed3+	semi-automated genome annotation		ENCSR195TJF	chromatin state		ENCODE v1	CL:0002518	kidney epithelial cell	primary cell				Homo sapiens		2021-07-28	ENCODE	Bill Noble, UW	03c521063d08a7af7b5ec66a49abfc84		https://www.encodeproject.org/files/ENCFF098NHN/@@download/ENCFF098NHN.bed.gz	hg19		released		https://encode-public.s3.amazonaws.com/2017/01/10/4c02eda0-b86a-42e0-b82f-fa57f777919d/ENCFF098NHN.bed.gz	https://datasetencode.blob.core.windows.net/dataset/2017/01/10/4c02eda0-b86a-42e0-b82f-fa57f777919d/ENCFF098NHN.bed.gz?sv=2019-10-10&si=prod&sr=c&sig=9qSQZo4ggrCNpybBExU8SypuUZV33igI11xw0P7rB3c%3D	71676130			
ENCFF766PVJ	bed bed3+	semi-automated genome annotation		ENCSR267KAK	chromatin state		ENCODE v1	EFO:0002785	GM12891	cell line				Homo sapiens		2021-07-28	ENCODE	Bill Noble, UW	52889fee566cb12c489d73b1d87acf8e		https://www.encodeproject.org/files/ENCFF766PVJ/@@download/ENCFF766PVJ.bed.gz	hg19		released		https://encode-public.s3.amazonaws.com/2017/01/10/d578ba79-5fb2-410c-af04-09ccafbb36b9/ENCFF766PVJ.bed.gz	https://datasetencode.blob.core.windows.net/dataset/2017/01/10/d578ba79-5fb2-410c-af04-09ccafbb36b9/ENCFF766PVJ.bed.gz?sv=2019-10-10&si=prod&sr=c&sig=9qSQZo4ggrCNpybBExU8SypuUZV33igI11xw0P7rB3c%3D	70430386			
ENCFF685FRZ	bed bed3+	semi-automated genome annotation		ENCSR450JAV	chromatin state		ENCODE v1	CL:0000351	trophoblast cell	in vitro differentiated cells				Homo sapiens		2021-07-28	ENCODE	Bill Noble, UW	ca2eb4315098734ccd66887be4eeeea6		https://www.encodeproject.org/files/ENCFF685FRZ/@@download/ENCFF685FRZ.bed.gz	hg19		released		https://encode-public.s3.amazonaws.com/2017/01/10/3efe528d-9ecd-4edf-8993-725e2d275395/ENCFF685FRZ.bed.gz	https://datasetencode.blob.core.windows.net/dataset/2017/01/10/3efe528d-9ecd-4edf-8993-725e2d275395/ENCFF685FRZ.bed.gz?sv=2019-10-10&si=prod&sr=c&sig=9qSQZo4ggrCNpybBExU8SypuUZV33igI11xw0P7rB3c%3D	80127041			
ENCFF420AIM	bed bed3+	semi-automated genome annotation		ENCSR571KSJ	chromatin state		ENCODE v1	CL:0000540	neuron	in vitro differentiated cells				Homo sapiens		2021-07-28	ENCODE	Bill Noble, UW	9023cc55d96e5d7bf5ba0eb5b0c52e6b		https://www.encodeproject.org/files/ENCFF420AIM/@@download/ENCFF420AIM.bed.gz	hg19		released		https://encode-public.s3.amazonaws.com/2017/01/10/efe7604b-b627-48c8-b7b2-b8cfbf342c00/ENCFF420AIM.bed.gz	https://datasetencode.blob.core.windows.net/dataset/2017/01/10/efe7604b-b627-48c8-b7b2-b8cfbf342c00/ENCFF420AIM.bed.gz?sv=2019-10-10&si=prod&sr=c&sig=9qSQZo4ggrCNpybBExU8SypuUZV33igI11xw0P7rB3c%3D	54586135			
ENCFF089AXD	bed bed3+	semi-automated genome annotation		ENCSR455UBT	chromatin state		ENCODE v1	EFO:0002067	K562	cell line				Homo sapiens		2021-07-28	ENCODE	Bill Noble, UW	da46a8732842ea55c3728043e7aad4c7		https://www.encodeproject.org/files/ENCFF089AXD/@@download/ENCFF089AXD.bed.gz	hg19		released		https://encode-public.s3.amazonaws.com/2017/01/10/3ba01b7f-071f-4d9c-8c98-da9c215780f5/ENCFF089AXD.bed.gz	https://datasetencode.blob.core.windows.net/dataset/2017/01/10/3ba01b7f-071f-4d9c-8c98-da9c215780f5/ENCFF089AXD.bed.gz?sv=2019-10-10&si=prod&sr=c&sig=9qSQZo4ggrCNpybBExU8SypuUZV33igI11xw0P7rB3c%3D	45598300			
ENCFF657VMA	bed bed3+	semi-automated genome annotation		ENCSR427DXZ	chromatin state		ENCODE v1	EFO:0002798	NB4	cell line				Homo sapiens		2021-07-28	ENCODE	Bill Noble, UW	d9a74ee62f13f6d44b5eeab05af9acb9		https://www.encodeproject.org/files/ENCFF657VMA/@@download/ENCFF657VMA.bed.gz	hg19		released		https://encode-public.s3.amazonaws.com/2017/01/10/35eaee72-3171-4285-b284-0d907a098186/ENCFF657VMA.bed.gz	https://datasetencode.blob.core.windows.net/dataset/2017/01/10/35eaee72-3171-4285-b284-0d907a098186/ENCFF657VMA.bed.gz?sv=2019-10-10&si=prod&sr=c&sig=9qSQZo4ggrCNpybBExU8SypuUZV33igI11xw0P7rB3c%3D	68720627			
ENCFF614SYL	bed bed3+	semi-automated genome annotation		ENCSR698VGY	chromatin state		ENCODE v1	CL:0000312	keratinocyte	primary cell				Homo sapiens		2021-07-28	ENCODE	Bill Noble, UW	06e114dfdf42529e0b82e2afce98d90f		https://www.encodeproject.org/files/ENCFF614SYL/@@download/ENCFF614SYL.bed.gz	hg19		released		https://encode-public.s3.amazonaws.com/2017/01/10/5fdaec7f-a942-4e64-b273-28ba17b01263/ENCFF614SYL.bed.gz	https://datasetencode.blob.core.windows.net/dataset/2017/01/10/5fdaec7f-a942-4e64-b273-28ba17b01263/ENCFF614SYL.bed.gz?sv=2019-10-10&si=prod&sr=c&sig=9qSQZo4ggrCNpybBExU8SypuUZV33igI11xw0P7rB3c%3D	5282012			
ENCFF369BMZ	bed bed3+	semi-automated genome annotation		ENCSR184QMY	chromatin state		ENCODE v1	CL:0001059	common myeloid progenitor, CD34-positive	primary cell				Homo sapiens		2021-07-28	ENCODE	Bill Noble, UW	38a7b79a0a639258ce00275d6223f381		https://www.encodeproject.org/files/ENCFF369BMZ/@@download/ENCFF369BMZ.bed.gz	hg19		released		https://encode-public.s3.amazonaws.com/2017/01/10/7f0b2e76-c822-4633-b43e-d6d077785efc/ENCFF369BMZ.bed.gz	https://datasetencode.blob.core.windows.net/dataset/2017/01/10/7f0b2e76-c822-4633-b43e-d6d077785efc/ENCFF369BMZ.bed.gz?sv=2019-10-10&si=prod&sr=c&sig=9qSQZo4ggrCNpybBExU8SypuUZV33igI11xw0P7rB3c%3D	31835720			
ENCFF580JOV	bed bed3+	semi-automated genome annotation		ENCSR815TYV	chromatin state		ENCODE v1	EFO:0007083	HUES48	cell line				Homo sapiens		2021-07-28	ENCODE	Bill Noble, UW	6ebb7279c536159467bb8db073abb187		https://www.encodeproject.org/files/ENCFF580JOV/@@download/ENCFF580JOV.bed.gz	hg19		released		https://encode-public.s3.amazonaws.com/2017/01/10/ffc637ed-7697-4363-8703-7949b823364f/ENCFF580JOV.bed.gz	https://datasetencode.blob.core.windows.net/dataset/2017/01/10/ffc637ed-7697-4363-8703-7949b823364f/ENCFF580JOV.bed.gz?sv=2019-10-10&si=prod&sr=c&sig=9qSQZo4ggrCNpybBExU8SypuUZV33igI11xw0P7rB3c%3D	51249794			
ENCFF057CIV	bed bed3+	semi-automated genome annotation		ENCSR453OLX	chromatin state		ENCODE v1	CL:2000045	foreskin melanocyte	primary cell				Homo sapiens		2021-07-28	ENCODE	Bill Noble, UW	891318584080d861532d8b89bfd1ea33		https://www.encodeproject.org/files/ENCFF057CIV/@@download/ENCFF057CIV.bed.gz	hg19		released		https://encode-public.s3.amazonaws.com/2017/01/10/994033b8-32c1-42d3-9308-c7bd789c6c00/ENCFF057CIV.bed.gz	https://datasetencode.blob.core.windows.net/dataset/2017/01/10/994033b8-32c1-42d3-9308-c7bd789c6c00/ENCFF057CIV.bed.gz?sv=2019-10-10&si=prod&sr=c&sig=9qSQZo4ggrCNpybBExU8SypuUZV33igI11xw0P7rB3c%3D	49728317			
ENCFF819BUC	bed bed3+	semi-automated genome annotation		ENCSR419SWU	chromatin state		ENCODE v1	EFO:0005909	HGPS cell	cell line				Homo sapiens		2021-07-28	ENCODE	Bill Noble, UW	a5fbb38c535af7d6fdc2b9256b79ad40		https://www.encodeproject.org/files/ENCFF819BUC/@@download/ENCFF819BUC.bed.gz	hg19		released		https://encode-public.s3.amazonaws.com/2017/01/10/836c08ca-6c64-498d-bd5b-5fe220b16d88/ENCFF819BUC.bed.gz	https://datasetencode.blob.core.windows.net/dataset/2017/01/10/836c08ca-6c64-498d-bd5b-5fe220b16d88/ENCFF819BUC.bed.gz?sv=2019-10-10&si=prod&sr=c&sig=9qSQZo4ggrCNpybBExU8SypuUZV33igI11xw0P7rB3c%3D	18585089			
ENCFF895EWL	bed bed3+	semi-automated genome annotation		ENCSR809TOT	chromatin state		ENCODE v1	UBERON:0003346	mucosa of rectum	tissue				Homo sapiens		2021-07-28	ENCODE	Bill Noble, UW	73247fd63e535e224c41ab59c6496eb5		https://www.encodeproject.org/files/ENCFF895EWL/@@download/ENCFF895EWL.bed.gz	hg19		released		https://encode-public.s3.amazonaws.com/2017/01/10/f75e2296-ac9b-45df-9a9e-720fd2ba58d7/ENCFF895EWL.bed.gz	https://datasetencode.blob.core.windows.net/dataset/2017/01/10/f75e2296-ac9b-45df-9a9e-720fd2ba58d7/ENCFF895EWL.bed.gz?sv=2019-10-10&si=prod&sr=c&sig=9qSQZo4ggrCNpybBExU8SypuUZV33igI11xw0P7rB3c%3D	64172417			
ENCFF824WDJ	bed bed3+	semi-automated genome annotation		ENCSR934PZD	chromatin state		ENCODE v1	UBERON:0002080	heart right ventricle	tissue				Homo sapiens		2021-07-28	ENCODE	Bill Noble, UW	0402c0683dd37f9a0571f644e679606b		https://www.encodeproject.org/files/ENCFF824WDJ/@@download/ENCFF824WDJ.bed.gz	hg19		released		https://encode-public.s3.amazonaws.com/2017/01/10/9aec90d9-b75f-4e53-ab11-ed45019fd641/ENCFF824WDJ.bed.gz	https://datasetencode.blob.core.windows.net/dataset/2017/01/10/9aec90d9-b75f-4e53-ab11-ed45019fd641/ENCFF824WDJ.bed.gz?sv=2019-10-10&si=prod&sr=c&sig=9qSQZo4ggrCNpybBExU8SypuUZV33igI11xw0P7rB3c%3D	60358074			
ENCFF123VZB	bed bed3+	semi-automated genome annotation		ENCSR321CVU	chromatin state		ENCODE v1	EFO:0001247	T47D	cell line				Homo sapiens		2021-07-28	ENCODE	Bill Noble, UW	3b05cc000db69bb0f3b5f5d443bea9b4		https://www.encodeproject.org/files/ENCFF123VZB/@@download/ENCFF123VZB.bed.gz	hg19		released		https://encode-public.s3.amazonaws.com/2017/01/10/e7b2a023-b12e-4e8b-8934-428827a55d97/ENCFF123VZB.bed.gz	https://datasetencode.blob.core.windows.net/dataset/2017/01/10/e7b2a023-b12e-4e8b-8934-428827a55d97/ENCFF123VZB.bed.gz?sv=2019-10-10&si=prod&sr=c&sig=9qSQZo4ggrCNpybBExU8SypuUZV33igI11xw0P7rB3c%3D	77914639			
ENCFF724TKQ	bed bed3+	semi-automated genome annotation		ENCSR410WNT	chromatin state		ENCODE v1	UBERON:0002370	thymus	tissue				Homo sapiens		2021-07-28	ENCODE	Bill Noble, UW	09f299f17055021bd86e98ba5c0d324f		https://www.encodeproject.org/files/ENCFF724TKQ/@@download/ENCFF724TKQ.bed.gz	hg19		released		https://encode-public.s3.amazonaws.com/2017/01/10/e51cf651-c087-4e49-9d37-625d18de5489/ENCFF724TKQ.bed.gz	https://datasetencode.blob.core.windows.net/dataset/2017/01/10/e51cf651-c087-4e49-9d37-625d18de5489/ENCFF724TKQ.bed.gz?sv=2019-10-10&si=prod&sr=c&sig=9qSQZo4ggrCNpybBExU8SypuUZV33igI11xw0P7rB3c%3D	57927944			
ENCFF837JQS	bed bed3+	semi-automated genome annotation		ENCSR923RDG	chromatin state		ENCODE v1	CL:0000047	neuronal stem cell	in vitro differentiated cells				Homo sapiens		2021-07-28	ENCODE	Bill Noble, UW	9f734575fab0618aea5b697f9c2f8768		https://www.encodeproject.org/files/ENCFF837JQS/@@download/ENCFF837JQS.bed.gz	hg19		released		https://encode-public.s3.amazonaws.com/2017/01/10/5afef09a-92b2-448d-b31d-c7e7f28c52c8/ENCFF837JQS.bed.gz	https://datasetencode.blob.core.windows.net/dataset/2017/01/10/5afef09a-92b2-448d-b31d-c7e7f28c52c8/ENCFF837JQS.bed.gz?sv=2019-10-10&si=prod&sr=c&sig=9qSQZo4ggrCNpybBExU8SypuUZV33igI11xw0P7rB3c%3D	55843329			
ENCFF491WQH	bed bed3+	semi-automated genome annotation		ENCSR915RRQ	chromatin state		ENCODE v1	EFO:0007089	HUES64	cell line				Homo sapiens		2021-07-28	ENCODE	Bill Noble, UW	aa876b4d9954a77e5e5cb423097567d3		https://www.encodeproject.org/files/ENCFF491WQH/@@download/ENCFF491WQH.bed.gz	hg19		released		https://encode-public.s3.amazonaws.com/2017/01/10/c6286e7e-cb2f-47ef-98b0-f7b3f34a2cba/ENCFF491WQH.bed.gz	https://datasetencode.blob.core.windows.net/dataset/2017/01/10/c6286e7e-cb2f-47ef-98b0-f7b3f34a2cba/ENCFF491WQH.bed.gz?sv=2019-10-10&si=prod&sr=c&sig=9qSQZo4ggrCNpybBExU8SypuUZV33igI11xw0P7rB3c%3D	52747465			
ENCFF603ZFR	bed bed3+	semi-automated genome annotation		ENCSR555ITH	chromatin state		ENCODE v1	CL:0000136	adipocyte	in vitro differentiated cells				Homo sapiens		2021-07-28	ENCODE	Bill Noble, UW	35c5016b77ab9f56ba87ee4f4ab33a61		https://www.encodeproject.org/files/ENCFF603ZFR/@@download/ENCFF603ZFR.bed.gz	hg19		released		https://encode-public.s3.amazonaws.com/2017/01/10/fdb508d8-efeb-4afa-908f-2f923ecd42f6/ENCFF603ZFR.bed.gz	https://datasetencode.blob.core.windows.net/dataset/2017/01/10/fdb508d8-efeb-4afa-908f-2f923ecd42f6/ENCFF603ZFR.bed.gz?sv=2019-10-10&si=prod&sr=c&sig=9qSQZo4ggrCNpybBExU8SypuUZV33igI11xw0P7rB3c%3D	57896680			
ENCFF758UIX	bed bed3+	semi-automated genome annotation		ENCSR425UXJ	chromatin state		ENCODE v1	EFO:0002713	Panc1	cell line				Homo sapiens		2021-07-28	ENCODE	Bill Noble, UW	4772cc2f8b45c41ffa1dd85d1a0aed30		https://www.encodeproject.org/files/ENCFF758UIX/@@download/ENCFF758UIX.bed.gz	hg19		released		https://encode-public.s3.amazonaws.com/2017/01/10/e7347f7f-d384-4410-a6d6-0e02c6bd7739/ENCFF758UIX.bed.gz	https://datasetencode.blob.core.windows.net/dataset/2017/01/10/e7347f7f-d384-4410-a6d6-0e02c6bd7739/ENCFF758UIX.bed.gz?sv=2019-10-10&si=prod&sr=c&sig=9qSQZo4ggrCNpybBExU8SypuUZV33igI11xw0P7rB3c%3D	66810726			
ENCFF423ADX	bed bed3+	semi-automated genome annotation		ENCSR384JLG	chromatin state		ENCODE v1	CL:1001606	foreskin keratinocyte	primary cell				Homo sapiens		2021-07-28	ENCODE	Bill Noble, UW	487d029ea83258b29a39b7cde86a4128		https://www.encodeproject.org/files/ENCFF423ADX/@@download/ENCFF423ADX.bed.gz	hg19		released		https://encode-public.s3.amazonaws.com/2017/01/10/607f2450-0bd6-46f2-91d3-42aa4e6b7135/ENCFF423ADX.bed.gz	https://datasetencode.blob.core.windows.net/dataset/2017/01/10/607f2450-0bd6-46f2-91d3-42aa4e6b7135/ENCFF423ADX.bed.gz?sv=2019-10-10&si=prod&sr=c&sig=9qSQZo4ggrCNpybBExU8SypuUZV33igI11xw0P7rB3c%3D	45241212			
ENCFF568YLW	bed bed3+	semi-automated genome annotation		ENCSR971XIS	chromatin state		ENCODE v1	CL:0002306	epithelial cell of proximal tubule	primary cell				Homo sapiens		2021-07-28	ENCODE	Bill Noble, UW	71f85fa41582c3cb9c25c6d5f7d3a541		https://www.encodeproject.org/files/ENCFF568YLW/@@download/ENCFF568YLW.bed.gz	hg19		released		https://encode-public.s3.amazonaws.com/2017/01/10/cca6d2ea-30ee-4eb0-a6a6-6abd002ef9dd/ENCFF568YLW.bed.gz	https://datasetencode.blob.core.windows.net/dataset/2017/01/10/cca6d2ea-30ee-4eb0-a6a6-6abd002ef9dd/ENCFF568YLW.bed.gz?sv=2019-10-10&si=prod&sr=c&sig=9qSQZo4ggrCNpybBExU8SypuUZV33igI11xw0P7rB3c%3D	56287784			
ENCFF487JVN	bed bed3+	semi-automated genome annotation		ENCSR244FKR	chromatin state		ENCODE v1	UBERON:0001134	skeletal muscle tissue	tissue				Homo sapiens		2021-07-28	ENCODE	Bill Noble, UW	30cb67829338b3667d4138df3ef1245d		https://www.encodeproject.org/files/ENCFF487JVN/@@download/ENCFF487JVN.bed.gz	hg19		released		https://encode-public.s3.amazonaws.com/2017/01/10/93632af7-3d06-4578-b792-51ea1547d788/ENCFF487JVN.bed.gz	https://datasetencode.blob.core.windows.net/dataset/2017/01/10/93632af7-3d06-4578-b792-51ea1547d788/ENCFF487JVN.bed.gz?sv=2019-10-10&si=prod&sr=c&sig=9qSQZo4ggrCNpybBExU8SypuUZV33igI11xw0P7rB3c%3D	59064578			
ENCFF593EEP	bed bed3+	semi-automated genome annotation		ENCSR229EIJ	chromatin state		ENCODE v1	CL:0002555	fibroblast of mammary gland	primary cell				Homo sapiens		2021-07-28	ENCODE	Bill Noble, UW	1d104f2afc0a2212c63d2125ccaeb949		https://www.encodeproject.org/files/ENCFF593EEP/@@download/ENCFF593EEP.bed.gz	hg19		released		https://encode-public.s3.amazonaws.com/2017/01/10/6b7242f3-41fe-4d7f-8df6-1b0bdb35405f/ENCFF593EEP.bed.gz	https://datasetencode.blob.core.windows.net/dataset/2017/01/10/6b7242f3-41fe-4d7f-8df6-1b0bdb35405f/ENCFF593EEP.bed.gz?sv=2019-10-10&si=prod&sr=c&sig=9qSQZo4ggrCNpybBExU8SypuUZV33igI11xw0P7rB3c%3D	45878531			
ENCFF231TZN	bed bed3+	semi-automated genome annotation		ENCSR993FBD	chromatin state		ENCODE v1	CL:0002586	retinal pigment epithelial cell	primary cell				Homo sapiens		2021-07-28	ENCODE	Bill Noble, UW	0b32aefe6b8cd7aebdbbe90c3e5bb1a0		https://www.encodeproject.org/files/ENCFF231TZN/@@download/ENCFF231TZN.bed.gz	hg19		released		https://encode-public.s3.amazonaws.com/2017/01/10/eee4f816-4fe1-4b7b-a179-b827e6248b29/ENCFF231TZN.bed.gz	https://datasetencode.blob.core.windows.net/dataset/2017/01/10/eee4f816-4fe1-4b7b-a179-b827e6248b29/ENCFF231TZN.bed.gz?sv=2019-10-10&si=prod&sr=c&sig=9qSQZo4ggrCNpybBExU8SypuUZV33igI11xw0P7rB3c%3D	42460182			
ENCFF241EAU	bed bed3+	semi-automated genome annotation		ENCSR287NNH	chromatin state		ENCODE v1	NTR:0000856	mesendoderm	in vitro differentiated cells				Homo sapiens		2021-07-28	ENCODE	Bill Noble, UW	eae70bd9a96ed928fe96cc91b07b7f7c		https://www.encodeproject.org/files/ENCFF241EAU/@@download/ENCFF241EAU.bed.gz	hg19		released		https://encode-public.s3.amazonaws.com/2017/01/10/77705faf-5f88-4163-bf64-783de30abd4a/ENCFF241EAU.bed.gz	https://datasetencode.blob.core.windows.net/dataset/2017/01/10/77705faf-5f88-4163-bf64-783de30abd4a/ENCFF241EAU.bed.gz?sv=2019-10-10&si=prod&sr=c&sig=9qSQZo4ggrCNpybBExU8SypuUZV33igI11xw0P7rB3c%3D	84383193			
ENCFF388HYD	bed bed3+	semi-automated genome annotation		ENCSR975FDJ	chromatin state		ENCODE v1	EFO:0001182	HEK293	cell line				Homo sapiens		2021-07-28	ENCODE	Bill Noble, UW	4dde7ff1cee1e15987eeef00e2d1a74c		https://www.encodeproject.org/files/ENCFF388HYD/@@download/ENCFF388HYD.bed.gz	hg19		released		https://encode-public.s3.amazonaws.com/2017/01/10/eb875d2d-2a3c-4141-9bbe-176776778dec/ENCFF388HYD.bed.gz	https://datasetencode.blob.core.windows.net/dataset/2017/01/10/eb875d2d-2a3c-4141-9bbe-176776778dec/ENCFF388HYD.bed.gz?sv=2019-10-10&si=prod&sr=c&sig=9qSQZo4ggrCNpybBExU8SypuUZV33igI11xw0P7rB3c%3D	72333738			
ENCFF072LXV	bed bed3+	semi-automated genome annotation		ENCSR485OAF	chromatin state		ENCODE v1	CL:0002606	astrocyte of the spinal cord	primary cell				Homo sapiens		2021-07-28	ENCODE	Bill Noble, UW	aab33182e8f43d83d6275ddbe78e7d6c		https://www.encodeproject.org/files/ENCFF072LXV/@@download/ENCFF072LXV.bed.gz	hg19		released		https://encode-public.s3.amazonaws.com/2017/01/10/70b94723-ca26-47a5-a1a8-39304e737b46/ENCFF072LXV.bed.gz	https://datasetencode.blob.core.windows.net/dataset/2017/01/10/70b94723-ca26-47a5-a1a8-39304e737b46/ENCFF072LXV.bed.gz?sv=2019-10-10&si=prod&sr=c&sig=9qSQZo4ggrCNpybBExU8SypuUZV33igI11xw0P7rB3c%3D	73170528			
ENCFF841VOL	bed bed3+	semi-automated genome annotation		ENCSR209ECD	chromatin state		ENCODE v1	CL:0002548	cardiac fibroblast	primary cell				Homo sapiens		2021-07-28	ENCODE	Bill Noble, UW	476726aab4c10a42ef864fca380e61ef		https://www.encodeproject.org/files/ENCFF841VOL/@@download/ENCFF841VOL.bed.gz	hg19		released		https://encode-public.s3.amazonaws.com/2017/01/10/e32f68a5-00d8-4267-824b-ff4f503393de/ENCFF841VOL.bed.gz	https://datasetencode.blob.core.windows.net/dataset/2017/01/10/e32f68a5-00d8-4267-824b-ff4f503393de/ENCFF841VOL.bed.gz?sv=2019-10-10&si=prod&sr=c&sig=9qSQZo4ggrCNpybBExU8SypuUZV33igI11xw0P7rB3c%3D	62128796			
ENCFF393SXJ	bed bed3+	semi-automated genome annotation		ENCSR712XLM	chromatin state		ENCODE v1	EFO:0001187	HepG2	cell line				Homo sapiens		2021-07-28	ENCODE	Bill Noble, UW	f2290c3c4a569bbf30330929211e90c9		https://www.encodeproject.org/files/ENCFF393SXJ/@@download/ENCFF393SXJ.bed.gz	hg19		released		https://encode-public.s3.amazonaws.com/2017/01/10/68fa9bbf-d0a2-4a40-a748-bf183c22aa2f/ENCFF393SXJ.bed.gz	https://datasetencode.blob.core.windows.net/dataset/2017/01/10/68fa9bbf-d0a2-4a40-a748-bf183c22aa2f/ENCFF393SXJ.bed.gz?sv=2019-10-10&si=prod&sr=c&sig=9qSQZo4ggrCNpybBExU8SypuUZV33igI11xw0P7rB3c%3D	41511752			
ENCFF540WJA	bed bed3+	semi-automated genome annotation		ENCSR180ORY	chromatin state		ENCODE v1	EFO:0003072	SK-N-SH	cell line				Homo sapiens		2021-07-28	ENCODE	Bill Noble, UW	65066e24a4cd6f1ee603c16d80aa5bdc		https://www.encodeproject.org/files/ENCFF540WJA/@@download/ENCFF540WJA.bed.gz	hg19		released		https://encode-public.s3.amazonaws.com/2017/01/10/278f8311-c1d5-439f-ab78-cd5922d09d62/ENCFF540WJA.bed.gz	https://datasetencode.blob.core.windows.net/dataset/2017/01/10/278f8311-c1d5-439f-ab78-cd5922d09d62/ENCFF540WJA.bed.gz?sv=2019-10-10&si=prod&sr=c&sig=9qSQZo4ggrCNpybBExU8SypuUZV33igI11xw0P7rB3c%3D	49040066			
ENCFF145VNY	bed bed3+	semi-automated genome annotation		ENCSR906MLB	chromatin state		ENCODE v1	CL:0002328	bronchial epithelial cell	primary cell				Homo sapiens		2021-07-28	ENCODE	Bill Noble, UW	6f9f69574faa66f35b972ae31818e7f4		https://www.encodeproject.org/files/ENCFF145VNY/@@download/ENCFF145VNY.bed.gz	hg19		released		https://encode-public.s3.amazonaws.com/2017/01/10/b28f7f4b-207e-4f0e-8ff6-3947e55c2283/ENCFF145VNY.bed.gz	https://datasetencode.blob.core.windows.net/dataset/2017/01/10/b28f7f4b-207e-4f0e-8ff6-3947e55c2283/ENCFF145VNY.bed.gz?sv=2019-10-10&si=prod&sr=c&sig=9qSQZo4ggrCNpybBExU8SypuUZV33igI11xw0P7rB3c%3D	67470814			
ENCFF299QFL	bed bed3+	semi-automated genome annotation		ENCSR210MRS	chromatin state		ENCODE v1	UBERON:0001159	sigmoid colon	tissue				Homo sapiens		2021-07-28	ENCODE	Bill Noble, UW	06e9dddcc10f4b0fc9532058cca3bfb5		https://www.encodeproject.org/files/ENCFF299QFL/@@download/ENCFF299QFL.bed.gz	hg19		released		https://encode-public.s3.amazonaws.com/2017/01/10/4fde09b2-418f-4e8e-8a94-c1af52d786e4/ENCFF299QFL.bed.gz	https://datasetencode.blob.core.windows.net/dataset/2017/01/10/4fde09b2-418f-4e8e-8a94-c1af52d786e4/ENCFF299QFL.bed.gz?sv=2019-10-10&si=prod&sr=c&sig=9qSQZo4ggrCNpybBExU8SypuUZV33igI11xw0P7rB3c%3D	64666200			
ENCFF028ZWL	bed bed3+	semi-automated genome annotation		ENCSR065RVL	chromatin state		ENCODE v1	EFO:0005904	H7	cell line				Homo sapiens		2021-07-28	ENCODE	Bill Noble, UW	b602a100d13e88576176d44d9304c1ab		https://www.encodeproject.org/files/ENCFF028ZWL/@@download/ENCFF028ZWL.bed.gz	hg19		released		https://encode-public.s3.amazonaws.com/2017/01/10/935487e7-e9bd-4cff-9f14-b9ed275ca847/ENCFF028ZWL.bed.gz	https://datasetencode.blob.core.windows.net/dataset/2017/01/10/935487e7-e9bd-4cff-9f14-b9ed275ca847/ENCFF028ZWL.bed.gz?sv=2019-10-10&si=prod&sr=c&sig=9qSQZo4ggrCNpybBExU8SypuUZV33igI11xw0P7rB3c%3D	43803314			
ENCFF749XCR	bed bed3+	semi-automated genome annotation		ENCSR133KBQ	chromatin state		ENCODE v1	CL:0001054	CD14-positive monocyte	primary cell				Homo sapiens		2021-07-28	ENCODE	Bill Noble, UW	62eed27887996d4dd747bdddfe53842b		https://www.encodeproject.org/files/ENCFF749XCR/@@download/ENCFF749XCR.bed.gz	hg19		released		https://encode-public.s3.amazonaws.com/2017/01/10/a9059c0e-cb95-42c2-90f6-d85c3b8358f6/ENCFF749XCR.bed.gz	https://datasetencode.blob.core.windows.net/dataset/2017/01/10/a9059c0e-cb95-42c2-90f6-d85c3b8358f6/ENCFF749XCR.bed.gz?sv=2019-10-10&si=prod&sr=c&sig=9qSQZo4ggrCNpybBExU8SypuUZV33igI11xw0P7rB3c%3D	36941224			
ENCFF481YAX	bed bed3+	semi-automated genome annotation		ENCSR048KQJ	chromatin state		ENCODE v1	CL:0000127	astrocyte	primary cell				Homo sapiens		2021-07-28	ENCODE	Bill Noble, UW	912ccaef7161d6f6959a79646d1b9de1		https://www.encodeproject.org/files/ENCFF481YAX/@@download/ENCFF481YAX.bed.gz	hg19		released		https://encode-public.s3.amazonaws.com/2017/01/10/2709d19b-c6b7-4836-bbbf-89001fbc4b58/ENCFF481YAX.bed.gz	https://datasetencode.blob.core.windows.net/dataset/2017/01/10/2709d19b-c6b7-4836-bbbf-89001fbc4b58/ENCFF481YAX.bed.gz?sv=2019-10-10&si=prod&sr=c&sig=9qSQZo4ggrCNpybBExU8SypuUZV33igI11xw0P7rB3c%3D	60208673			
ENCFF849PRY	bed bed3+	semi-automated genome annotation		ENCSR912DOQ	chromatin state		ENCODE v1	CL:1001608	foreskin fibroblast	primary cell				Homo sapiens		2021-07-28	ENCODE	Bill Noble, UW	b15ddce978e672a0e799ceaa3c3562f2		https://www.encodeproject.org/files/ENCFF849PRY/@@download/ENCFF849PRY.bed.gz	hg19		released		https://encode-public.s3.amazonaws.com/2017/01/10/fcd3418f-9bc5-400f-8ed3-c99fea1f445b/ENCFF849PRY.bed.gz	https://datasetencode.blob.core.windows.net/dataset/2017/01/10/fcd3418f-9bc5-400f-8ed3-c99fea1f445b/ENCFF849PRY.bed.gz?sv=2019-10-10&si=prod&sr=c&sig=9qSQZo4ggrCNpybBExU8SypuUZV33igI11xw0P7rB3c%3D	40448980			
ENCFF118YAO	bed bed3+	semi-automated genome annotation		ENCSR211LYK	chromatin state		ENCODE v1	CL:0002372	myotube	in vitro differentiated cells				Homo sapiens		2021-07-28	ENCODE	Bill Noble, UW	a331f1725bfdda68fc378ed509016941		https://www.encodeproject.org/files/ENCFF118YAO/@@download/ENCFF118YAO.bed.gz	hg19		released		https://encode-public.s3.amazonaws.com/2017/01/10/4126240e-afcb-4703-b9a1-5a18941a9b80/ENCFF118YAO.bed.gz	https://datasetencode.blob.core.windows.net/dataset/2017/01/10/4126240e-afcb-4703-b9a1-5a18941a9b80/ENCFF118YAO.bed.gz?sv=2019-10-10&si=prod&sr=c&sig=9qSQZo4ggrCNpybBExU8SypuUZV33igI11xw0P7rB3c%3D	52098997			
ENCFF722SBM	bed bed3+	semi-automated genome annotation		ENCSR667JXB	chromatin state		ENCODE v1	CL:0002618	endothelial cell of umbilical vein	primary cell				Homo sapiens		2021-07-28	ENCODE	Bill Noble, UW	f00bc502e53c2eae6b955be8d6528977		https://www.encodeproject.org/files/ENCFF722SBM/@@download/ENCFF722SBM.bed.gz	hg19		released		https://encode-public.s3.amazonaws.com/2017/01/10/32fc92e9-a6f2-4799-b03a-acb205095237/ENCFF722SBM.bed.gz	https://datasetencode.blob.core.windows.net/dataset/2017/01/10/32fc92e9-a6f2-4799-b03a-acb205095237/ENCFF722SBM.bed.gz?sv=2019-10-10&si=prod&sr=c&sig=9qSQZo4ggrCNpybBExU8SypuUZV33igI11xw0P7rB3c%3D	3482466			
ENCFF659DOR	bed bed3+	semi-automated genome annotation		ENCSR295FDL	chromatin state		ENCODE v1	CL:2000001	peripheral blood mononuclear cell	primary cell				Homo sapiens		2021-07-28	ENCODE	Bill Noble, UW	f0fc75d218265a36b7c65569a1e59726		https://www.encodeproject.org/files/ENCFF659DOR/@@download/ENCFF659DOR.bed.gz	hg19		released		https://encode-public.s3.amazonaws.com/2017/01/10/4d4eb84a-7b5f-44ea-b389-05c55f07c6ba/ENCFF659DOR.bed.gz	https://datasetencode.blob.core.windows.net/dataset/2017/01/10/4d4eb84a-7b5f-44ea-b389-05c55f07c6ba/ENCFF659DOR.bed.gz?sv=2019-10-10&si=prod&sr=c&sig=9qSQZo4ggrCNpybBExU8SypuUZV33igI11xw0P7rB3c%3D	65692060			
ENCFF904VUV	bed bed3+	semi-automated genome annotation		ENCSR845VOT	chromatin state		ENCODE v1	EFO:0005710	HFF-Myc	cell line				Homo sapiens		2021-07-28	ENCODE	Bill Noble, UW	ca23e95d6aeda8e7bb5eccbd389fd667		https://www.encodeproject.org/files/ENCFF904VUV/@@download/ENCFF904VUV.bed.gz	hg19		released		https://encode-public.s3.amazonaws.com/2017/01/10/274736de-0045-47bd-adee-7514636836b8/ENCFF904VUV.bed.gz	https://datasetencode.blob.core.windows.net/dataset/2017/01/10/274736de-0045-47bd-adee-7514636836b8/ENCFF904VUV.bed.gz?sv=2019-10-10&si=prod&sr=c&sig=9qSQZo4ggrCNpybBExU8SypuUZV33igI11xw0P7rB3c%3D	75401113			
ENCFF234MAZ	bed bed3+	semi-automated genome annotation		ENCSR934OVW	chromatin state		ENCODE v1	EFO:0002793	HL-60	cell line				Homo sapiens		2021-07-28	ENCODE	Bill Noble, UW	ad73379a847ca7607b48ecc36d17cd30		https://www.encodeproject.org/files/ENCFF234MAZ/@@download/ENCFF234MAZ.bed.gz	hg19		released		https://encode-public.s3.amazonaws.com/2017/01/10/47643966-264d-4ff0-8184-5d37772a3645/ENCFF234MAZ.bed.gz	https://datasetencode.blob.core.windows.net/dataset/2017/01/10/47643966-264d-4ff0-8184-5d37772a3645/ENCFF234MAZ.bed.gz?sv=2019-10-10&si=prod&sr=c&sig=9qSQZo4ggrCNpybBExU8SypuUZV33igI11xw0P7rB3c%3D	46791135			
ENCFF101AMQ	bed bed3+	semi-automated genome annotation		ENCSR972QVL	chromatin state		ENCODE v1	CL:0002553	fibroblast of lung	primary cell				Homo sapiens		2021-07-28	ENCODE	Bill Noble, UW	f89d37f1610b5c6c404e63afd5a8c5a1		https://www.encodeproject.org/files/ENCFF101AMQ/@@download/ENCFF101AMQ.bed.gz	hg19		released		https://encode-public.s3.amazonaws.com/2017/01/10/0cae5c75-7163-4ef2-a0bf-efed28d02247/ENCFF101AMQ.bed.gz	https://datasetencode.blob.core.windows.net/dataset/2017/01/10/0cae5c75-7163-4ef2-a0bf-efed28d02247/ENCFF101AMQ.bed.gz?sv=2019-10-10&si=prod&sr=c&sig=9qSQZo4ggrCNpybBExU8SypuUZV33igI11xw0P7rB3c%3D	68911078			
ENCFF116VEC	bed bed3+	semi-automated genome annotation		ENCSR347AOA	chromatin state		ENCODE v1	CL:0000515	skeletal muscle myoblast	primary cell				Homo sapiens		2021-07-28	ENCODE	Bill Noble, UW	958c61ce4e1d177274402bf6099d20f3		https://www.encodeproject.org/files/ENCFF116VEC/@@download/ENCFF116VEC.bed.gz	hg19		released		https://encode-public.s3.amazonaws.com/2017/01/10/0bc3c578-bfa2-45d7-8251-938749272631/ENCFF116VEC.bed.gz	https://datasetencode.blob.core.windows.net/dataset/2017/01/10/0bc3c578-bfa2-45d7-8251-938749272631/ENCFF116VEC.bed.gz?sv=2019-10-10&si=prod&sr=c&sig=9qSQZo4ggrCNpybBExU8SypuUZV33igI11xw0P7rB3c%3D	61192002			
ENCFF707KUS	bed bed3+	semi-automated genome annotation		ENCSR406VGC	chromatin state		ENCODE v1	EFO:0007098	iPS DF 6.9	cell line				Homo sapiens		2021-07-28	ENCODE	Bill Noble, UW	09ce55016e7d9d8167faa481e6b37a6f		https://www.encodeproject.org/files/ENCFF707KUS/@@download/ENCFF707KUS.bed.gz	hg19		released		https://encode-public.s3.amazonaws.com/2017/01/10/c5aff7f6-7bbf-4cd4-a91f-52b06b209a69/ENCFF707KUS.bed.gz	https://datasetencode.blob.core.windows.net/dataset/2017/01/10/c5aff7f6-7bbf-4cd4-a91f-52b06b209a69/ENCFF707KUS.bed.gz?sv=2019-10-10&si=prod&sr=c&sig=9qSQZo4ggrCNpybBExU8SypuUZV33igI11xw0P7rB3c%3D	64046904			
ENCFF441BDE	bed bed3+	semi-automated genome annotation		ENCSR050KTE	chromatin state		ENCODE v1	CL:2000044	brain microvascular endothelial cell	primary cell				Homo sapiens		2021-07-28	ENCODE	Bill Noble, UW	a8c4db18020dbc243e71f982d24d560f		https://www.encodeproject.org/files/ENCFF441BDE/@@download/ENCFF441BDE.bed.gz	hg19		released		https://encode-public.s3.amazonaws.com/2017/01/10/bdd5e97c-dd3a-4ff6-a8d7-7d90d3f32f71/ENCFF441BDE.bed.gz	https://datasetencode.blob.core.windows.net/dataset/2017/01/10/bdd5e97c-dd3a-4ff6-a8d7-7d90d3f32f71/ENCFF441BDE.bed.gz?sv=2019-10-10&si=prod&sr=c&sig=9qSQZo4ggrCNpybBExU8SypuUZV33igI11xw0P7rB3c%3D	50734657			
ENCFF480WAP	bed bed3+	semi-automated genome annotation		ENCSR057XJI	chromatin state		ENCODE v1	CL:0000223	endodermal cell	in vitro differentiated cells				Homo sapiens		2021-07-28	ENCODE	Bill Noble, UW	9ba81196ce8a301933e10f101ff9b89b		https://www.encodeproject.org/files/ENCFF480WAP/@@download/ENCFF480WAP.bed.gz	hg19		released		https://encode-public.s3.amazonaws.com/2017/01/10/5f79da2b-51db-41ad-bebb-66697e6f228a/ENCFF480WAP.bed.gz	https://datasetencode.blob.core.windows.net/dataset/2017/01/10/5f79da2b-51db-41ad-bebb-66697e6f228a/ENCFF480WAP.bed.gz?sv=2019-10-10&si=prod&sr=c&sig=9qSQZo4ggrCNpybBExU8SypuUZV33igI11xw0P7rB3c%3D	50260402			
ENCFF304BGK	bed bed3+	semi-automated genome annotation		ENCSR118CPA	chromatin state		ENCODE v1	CL:1001608	foreskin fibroblast	primary cell				Homo sapiens		2021-07-28	ENCODE	Bill Noble, UW	fd8445915ee486b686bf70afdce63960		https://www.encodeproject.org/files/ENCFF304BGK/@@download/ENCFF304BGK.bed.gz	hg19		released		https://encode-public.s3.amazonaws.com/2017/01/10/a8d48bed-e007-48e7-8375-7031e684ded4/ENCFF304BGK.bed.gz	https://datasetencode.blob.core.windows.net/dataset/2017/01/10/a8d48bed-e007-48e7-8375-7031e684ded4/ENCFF304BGK.bed.gz?sv=2019-10-10&si=prod&sr=c&sig=9qSQZo4ggrCNpybBExU8SypuUZV33igI11xw0P7rB3c%3D	48122684			
ENCFF913PHL	bed bed3+	semi-automated genome annotation		ENCSR431ADI	chromatin state		ENCODE v1	CL:2000045	foreskin melanocyte	primary cell				Homo sapiens		2021-07-28	ENCODE	Bill Noble, UW	8b56f6b9d5db04f5a739e2ea49349c4c		https://www.encodeproject.org/files/ENCFF913PHL/@@download/ENCFF913PHL.bed.gz	hg19		released		https://encode-public.s3.amazonaws.com/2017/01/10/c3629d29-8a7b-4f77-9203-e1a53d24c646/ENCFF913PHL.bed.gz	https://datasetencode.blob.core.windows.net/dataset/2017/01/10/c3629d29-8a7b-4f77-9203-e1a53d24c646/ENCFF913PHL.bed.gz?sv=2019-10-10&si=prod&sr=c&sig=9qSQZo4ggrCNpybBExU8SypuUZV33igI11xw0P7rB3c%3D	65367701			
ENCFF241SVT	bed bed3+	semi-automated genome annotation		ENCSR140WKY	chromatin state		ENCODE v1	EFO:0007096	iPS DF 19.11	cell line				Homo sapiens		2021-07-28	ENCODE	Bill Noble, UW	cb7a0ff9ae8358fc732e71e67b1830e2		https://www.encodeproject.org/files/ENCFF241SVT/@@download/ENCFF241SVT.bed.gz	hg19		released		https://encode-public.s3.amazonaws.com/2017/01/10/92ddd9ea-f768-4c4e-9977-4bdd90234c42/ENCFF241SVT.bed.gz	https://datasetencode.blob.core.windows.net/dataset/2017/01/10/92ddd9ea-f768-4c4e-9977-4bdd90234c42/ENCFF241SVT.bed.gz?sv=2019-10-10&si=prod&sr=c&sig=9qSQZo4ggrCNpybBExU8SypuUZV33igI11xw0P7rB3c%3D	63865905			
ENCFF497DHN	bed bed3+	semi-automated genome annotation		ENCSR541FKI	chromatin state		ENCODE v1	EFO:0007102	iPS-15b	cell line				Homo sapiens		2021-07-28	ENCODE	Bill Noble, UW	a215f79d9402dad166761268b3ded172		https://www.encodeproject.org/files/ENCFF497DHN/@@download/ENCFF497DHN.bed.gz	hg19		released		https://encode-public.s3.amazonaws.com/2017/01/10/df786868-112b-4aea-a4e8-688dd0a95632/ENCFF497DHN.bed.gz	https://datasetencode.blob.core.windows.net/dataset/2017/01/10/df786868-112b-4aea-a4e8-688dd0a95632/ENCFF497DHN.bed.gz?sv=2019-10-10&si=prod&sr=c&sig=9qSQZo4ggrCNpybBExU8SypuUZV33igI11xw0P7rB3c%3D	51251980			
ENCFF925SYQ	bed bed3+	semi-automated genome annotation		ENCSR037JPW	chromatin state		ENCODE v1	CL:1001608	foreskin fibroblast	primary cell				Homo sapiens		2021-07-28	ENCODE	Bill Noble, UW	ced3d9d71cf5921fbf6df3ed0969906b		https://www.encodeproject.org/files/ENCFF925SYQ/@@download/ENCFF925SYQ.bed.gz	hg19		released		https://encode-public.s3.amazonaws.com/2017/01/10/5088d867-f1ad-4b57-be1f-118f012345d0/ENCFF925SYQ.bed.gz	https://datasetencode.blob.core.windows.net/dataset/2017/01/10/5088d867-f1ad-4b57-be1f-118f012345d0/ENCFF925SYQ.bed.gz?sv=2019-10-10&si=prod&sr=c&sig=9qSQZo4ggrCNpybBExU8SypuUZV33igI11xw0P7rB3c%3D	70764970			
ENCFF311EYV	bed bed3+	semi-automated genome annotation		ENCSR544QMJ	chromatin state		ENCODE v1	UBERON:0001199	mucosa of stomach	tissue				Homo sapiens		2021-07-28	ENCODE	Bill Noble, UW	7fb773dbc30f05e28a95c13ff0aa254e		https://www.encodeproject.org/files/ENCFF311EYV/@@download/ENCFF311EYV.bed.gz	hg19		released		https://encode-public.s3.amazonaws.com/2017/01/10/7e9f8771-8f51-40a9-8062-95d817329a21/ENCFF311EYV.bed.gz	https://datasetencode.blob.core.windows.net/dataset/2017/01/10/7e9f8771-8f51-40a9-8062-95d817329a21/ENCFF311EYV.bed.gz?sv=2019-10-10&si=prod&sr=c&sig=9qSQZo4ggrCNpybBExU8SypuUZV33igI11xw0P7rB3c%3D	74152593			
ENCFF132DRZ	bed bed3+	semi-automated genome annotation		ENCSR731QIH	chromatin state		ENCODE v1	CL:0000134	mesenchymal stem cell	in vitro differentiated cells				Homo sapiens		2021-07-28	ENCODE	Bill Noble, UW	a5ab207dfbedef07430b8d85abb885f5		https://www.encodeproject.org/files/ENCFF132DRZ/@@download/ENCFF132DRZ.bed.gz	hg19		released		https://encode-public.s3.amazonaws.com/2017/01/10/8ea16132-ed24-40d4-b2d4-eecf36d08d6b/ENCFF132DRZ.bed.gz	https://datasetencode.blob.core.windows.net/dataset/2017/01/10/8ea16132-ed24-40d4-b2d4-eecf36d08d6b/ENCFF132DRZ.bed.gz?sv=2019-10-10&si=prod&sr=c&sig=9qSQZo4ggrCNpybBExU8SypuUZV33igI11xw0P7rB3c%3D	79590839			
ENCFF303LPQ	bed bed3+	semi-automated genome annotation		ENCSR613YPX	chromatin state		ENCODE v1	UBERON:0000006	islet of Langerhans	tissue				Homo sapiens		2021-07-28	ENCODE	Bill Noble, UW	cafa103b122981633a3269a345e52fa5		https://www.encodeproject.org/files/ENCFF303LPQ/@@download/ENCFF303LPQ.bed.gz	hg19		released		https://encode-public.s3.amazonaws.com/2017/01/10/123936d9-6692-45f4-8faf-b1c04b3c664d/ENCFF303LPQ.bed.gz	https://datasetencode.blob.core.windows.net/dataset/2017/01/10/123936d9-6692-45f4-8faf-b1c04b3c664d/ENCFF303LPQ.bed.gz?sv=2019-10-10&si=prod&sr=c&sig=9qSQZo4ggrCNpybBExU8SypuUZV33igI11xw0P7rB3c%3D	53932050			
ENCFF860ORF	bed bed3+	semi-automated genome annotation		ENCSR976VIK	chromatin state		ENCODE v1	CL:1001606	foreskin keratinocyte	primary cell				Homo sapiens		2021-07-28	ENCODE	Bill Noble, UW	95128cc70092da3657c51477631505f9		https://www.encodeproject.org/files/ENCFF860ORF/@@download/ENCFF860ORF.bed.gz	hg19		released		https://encode-public.s3.amazonaws.com/2017/01/10/389004a0-efaa-4e8b-b6ca-62f9f45efe79/ENCFF860ORF.bed.gz	https://datasetencode.blob.core.windows.net/dataset/2017/01/10/389004a0-efaa-4e8b-b6ca-62f9f45efe79/ENCFF860ORF.bed.gz?sv=2019-10-10&si=prod&sr=c&sig=9qSQZo4ggrCNpybBExU8SypuUZV33igI11xw0P7rB3c%3D	44168745			
ENCFF105WPE	bed bed3+	semi-automated genome annotation		ENCSR891VUH	chromatin state		ENCODE v1							Homo sapiens		2022-04-15	ENCODE	Bill Noble, UW	60a3d03766d88b41b641b7775ccf0dcd		https://www.encodeproject.org/files/ENCFF105WPE/@@download/ENCFF105WPE.bed.gz	hg19		released		https://encode-public.s3.amazonaws.com/2017/01/10/f4817cad-26d7-4f67-b451-7b4f00df0887/ENCFF105WPE.bed.gz	https://datasetencode.blob.core.windows.net/dataset/2017/01/10/f4817cad-26d7-4f67-b451-7b4f00df0887/ENCFF105WPE.bed.gz?sv=2019-10-10&si=prod&sr=c&sig=9qSQZo4ggrCNpybBExU8SypuUZV33igI11xw0P7rB3c%3D	62765479			
ENCFF161QPS	bed bed3+	semi-automated genome annotation		ENCSR122HRK	chromatin state		ENCODE v1	EFO:0007108	iPS-20b	cell line				Homo sapiens		2021-07-28	ENCODE	Bill Noble, UW	67d63be402d016fd2bc92c9e23c51ae7		https://www.encodeproject.org/files/ENCFF161QPS/@@download/ENCFF161QPS.bed.gz	hg19		released		https://encode-public.s3.amazonaws.com/2017/01/10/5cd34036-504f-4986-a78c-0834cff0ab68/ENCFF161QPS.bed.gz	https://datasetencode.blob.core.windows.net/dataset/2017/01/10/5cd34036-504f-4986-a78c-0834cff0ab68/ENCFF161QPS.bed.gz?sv=2019-10-10&si=prod&sr=c&sig=9qSQZo4ggrCNpybBExU8SypuUZV33igI11xw0P7rB3c%3D	55478210			
ENCFF743WJN	bed bed3+	semi-automated genome annotation		ENCSR116PKR	chromatin state		ENCODE v1	EFO:0003072	SK-N-SH	cell line				Homo sapiens		2021-07-28	ENCODE	Bill Noble, UW	6b6743a1f2d7db9a4882c6e0390606e0		https://www.encodeproject.org/files/ENCFF743WJN/@@download/ENCFF743WJN.bed.gz	hg19		released		https://encode-public.s3.amazonaws.com/2017/01/10/d931d6e2-30c8-4755-8d55-8de848fcf3b2/ENCFF743WJN.bed.gz	https://datasetencode.blob.core.windows.net/dataset/2017/01/10/d931d6e2-30c8-4755-8d55-8de848fcf3b2/ENCFF743WJN.bed.gz?sv=2019-10-10&si=prod&sr=c&sig=9qSQZo4ggrCNpybBExU8SypuUZV33igI11xw0P7rB3c%3D	1216449			
ENCFF828JJT	bed bed3+	semi-automated genome annotation		ENCSR262MFQ	chromatin state		ENCODE v1	EFO:0003042	H1	cell line				Homo sapiens		2021-07-28	ENCODE	Bill Noble, UW	0d5ea1159ef8922e7f71704f0fcd55ff		https://www.encodeproject.org/files/ENCFF828JJT/@@download/ENCFF828JJT.bed.gz	hg19		released		https://encode-public.s3.amazonaws.com/2017/01/10/63867f26-b509-414d-9d9b-2b1ccf7659bf/ENCFF828JJT.bed.gz	https://datasetencode.blob.core.windows.net/dataset/2017/01/10/63867f26-b509-414d-9d9b-2b1ccf7659bf/ENCFF828JJT.bed.gz?sv=2019-10-10&si=prod&sr=c&sig=9qSQZo4ggrCNpybBExU8SypuUZV33igI11xw0P7rB3c%3D	92491286			
ENCFF386TOZ	bed bed3+	semi-automated genome annotation		ENCSR175LMT	chromatin state		ENCODE v1	UBERON:0002084	heart left ventricle	tissue				Homo sapiens		2021-07-28	ENCODE	Bill Noble, UW	dca28dd10912e1ec176d2d255a695c5a		https://www.encodeproject.org/files/ENCFF386TOZ/@@download/ENCFF386TOZ.bed.gz	hg19		released		https://encode-public.s3.amazonaws.com/2017/01/10/2e9e7cab-e18c-466a-94ad-530e69ac0f58/ENCFF386TOZ.bed.gz	https://datasetencode.blob.core.windows.net/dataset/2017/01/10/2e9e7cab-e18c-466a-94ad-530e69ac0f58/ENCFF386TOZ.bed.gz?sv=2019-10-10&si=prod&sr=c&sig=9qSQZo4ggrCNpybBExU8SypuUZV33igI11xw0P7rB3c%3D	55826918			
ENCFF607AWU	bed bed3+	semi-automated genome annotation		ENCSR859HBF	chromatin state		ENCODE v1	CL:0002553	fibroblast of lung	primary cell				Homo sapiens		2021-07-28	ENCODE	Bill Noble, UW	46ffe1b73de7195c90b9d9f942bd470d		https://www.encodeproject.org/files/ENCFF607AWU/@@download/ENCFF607AWU.bed.gz	hg19		released		https://encode-public.s3.amazonaws.com/2017/01/10/a27da1d1-8d7a-4d42-97bc-3a43137a1da9/ENCFF607AWU.bed.gz	https://datasetencode.blob.core.windows.net/dataset/2017/01/10/a27da1d1-8d7a-4d42-97bc-3a43137a1da9/ENCFF607AWU.bed.gz?sv=2019-10-10&si=prod&sr=c&sig=9qSQZo4ggrCNpybBExU8SypuUZV33igI11xw0P7rB3c%3D	52646604			
ENCFF089HWW	bed bed3+	semi-automated genome annotation		ENCSR383BME	chromatin state		ENCODE v1	CL:1001608	foreskin fibroblast	primary cell				Homo sapiens		2021-07-28	ENCODE	Bill Noble, UW	65c5ec487b95e61e13302531571e5f38		https://www.encodeproject.org/files/ENCFF089HWW/@@download/ENCFF089HWW.bed.gz	hg19		released		https://encode-public.s3.amazonaws.com/2017/01/10/87b9e6d1-56a5-4f44-8a79-5aa4e4ed0b0b/ENCFF089HWW.bed.gz	https://datasetencode.blob.core.windows.net/dataset/2017/01/10/87b9e6d1-56a5-4f44-8a79-5aa4e4ed0b0b/ENCFF089HWW.bed.gz?sv=2019-10-10&si=prod&sr=c&sig=9qSQZo4ggrCNpybBExU8SypuUZV33igI11xw0P7rB3c%3D	51836886			
ENCFF786ZNY	bed bed3+	semi-automated genome annotation		ENCSR113WWH	chromatin state		ENCODE v1	UBERON:0002078	right cardiac atrium	tissue				Homo sapiens		2021-07-28	ENCODE	Bill Noble, UW	6c36773f43b692a2b5bb570a6ec02f12		https://www.encodeproject.org/files/ENCFF786ZNY/@@download/ENCFF786ZNY.bed.gz	hg19		released		https://encode-public.s3.amazonaws.com/2017/01/10/8f1892de-5d25-4d00-87f4-9a729de15a61/ENCFF786ZNY.bed.gz	https://datasetencode.blob.core.windows.net/dataset/2017/01/10/8f1892de-5d25-4d00-87f4-9a729de15a61/ENCFF786ZNY.bed.gz?sv=2019-10-10&si=prod&sr=c&sig=9qSQZo4ggrCNpybBExU8SypuUZV33igI11xw0P7rB3c%3D	61170563			
ENCFF810FXS	bed bed3+	semi-automated genome annotation		ENCSR407HMV	chromatin state		ENCODE v1	UBERON:0001134	skeletal muscle tissue	tissue				Homo sapiens		2021-07-28	ENCODE	Bill Noble, UW	bb10df108278af407163490847817412		https://www.encodeproject.org/files/ENCFF810FXS/@@download/ENCFF810FXS.bed.gz	hg19		released		https://encode-public.s3.amazonaws.com/2017/01/10/2075a82d-daba-4f22-9651-c05c0192e4ab/ENCFF810FXS.bed.gz	https://datasetencode.blob.core.windows.net/dataset/2017/01/10/2075a82d-daba-4f22-9651-c05c0192e4ab/ENCFF810FXS.bed.gz?sv=2019-10-10&si=prod&sr=c&sig=9qSQZo4ggrCNpybBExU8SypuUZV33igI11xw0P7rB3c%3D	58972606			
ENCFF089LSR	bed bed3+	semi-automated genome annotation		ENCSR617BGC	chromatin state		ENCODE v1	UBERON:0002038	substantia nigra	tissue				Homo sapiens		2021-07-28	ENCODE	Bill Noble, UW	fd850d86e1a7e3337f4c9cde9454b238		https://www.encodeproject.org/files/ENCFF089LSR/@@download/ENCFF089LSR.bed.gz	hg19		released		https://encode-public.s3.amazonaws.com/2017/01/10/04b86e4f-4bea-45b0-b3dc-a0203a20764d/ENCFF089LSR.bed.gz	https://datasetencode.blob.core.windows.net/dataset/2017/01/10/04b86e4f-4bea-45b0-b3dc-a0203a20764d/ENCFF089LSR.bed.gz?sv=2019-10-10&si=prod&sr=c&sig=9qSQZo4ggrCNpybBExU8SypuUZV33igI11xw0P7rB3c%3D	69634344			
ENCFF015FJK	bed bed3+	semi-automated genome annotation		ENCSR195PSL	chromatin state		ENCODE v1	UBERON:0009834	dorsolateral prefrontal cortex	tissue				Homo sapiens		2021-07-28	ENCODE	Bill Noble, UW	1d725e648229123ba2f0f70582ff67f4		https://www.encodeproject.org/files/ENCFF015FJK/@@download/ENCFF015FJK.bed.gz	hg19		released		https://encode-public.s3.amazonaws.com/2017/01/10/492abbc6-8cb8-4d22-b523-7cf7efd36dfa/ENCFF015FJK.bed.gz	https://datasetencode.blob.core.windows.net/dataset/2017/01/10/492abbc6-8cb8-4d22-b523-7cf7efd36dfa/ENCFF015FJK.bed.gz?sv=2019-10-10&si=prod&sr=c&sig=9qSQZo4ggrCNpybBExU8SypuUZV33igI11xw0P7rB3c%3D	74263453			
ENCFF457BIN	bed bed3+	semi-automated genome annotation		ENCSR265KAC	chromatin state		ENCODE v1	CL:0002324	myoepithelial cell of mammary gland	primary cell				Homo sapiens		2021-07-28	ENCODE	Bill Noble, UW	b98d13b30a86a8d09d8397ca8a52e8ec		https://www.encodeproject.org/files/ENCFF457BIN/@@download/ENCFF457BIN.bed.gz	hg19		released		https://encode-public.s3.amazonaws.com/2017/01/10/1209435e-ce26-491a-811b-cd9a923b2a49/ENCFF457BIN.bed.gz	https://datasetencode.blob.core.windows.net/dataset/2017/01/10/1209435e-ce26-491a-811b-cd9a923b2a49/ENCFF457BIN.bed.gz?sv=2019-10-10&si=prod&sr=c&sig=9qSQZo4ggrCNpybBExU8SypuUZV33igI11xw0P7rB3c%3D	43598222			
ENCFF108CAF	bed bed3+	semi-automated genome annotation		ENCSR399KEU	chromatin state		ENCODE v1	CL:0002327	mammary epithelial cell	primary cell				Homo sapiens		2021-07-28	ENCODE	Bill Noble, UW	fe29fa9a5e3ada61a8deb494c4fca579		https://www.encodeproject.org/files/ENCFF108CAF/@@download/ENCFF108CAF.bed.gz	hg19		released		https://encode-public.s3.amazonaws.com/2017/01/10/cbc4ab72-451f-40fe-be9f-a6989c4a8143/ENCFF108CAF.bed.gz	https://datasetencode.blob.core.windows.net/dataset/2017/01/10/cbc4ab72-451f-40fe-be9f-a6989c4a8143/ENCFF108CAF.bed.gz?sv=2019-10-10&si=prod&sr=c&sig=9qSQZo4ggrCNpybBExU8SypuUZV33igI11xw0P7rB3c%3D	56160256			
ENCFF065TKH	bed bed3+	semi-automated genome annotation		ENCSR725PCI	chromatin state		ENCODE v1	CL:0001054	CD14-positive monocyte	primary cell				Homo sapiens		2021-07-28	ENCODE	Bill Noble, UW	7a16e79a61e1d2db5d0580a462a33af9		https://www.encodeproject.org/files/ENCFF065TKH/@@download/ENCFF065TKH.bed.gz	hg19		released		https://encode-public.s3.amazonaws.com/2017/01/10/e34d46a6-7266-465e-a2be-67891ff54502/ENCFF065TKH.bed.gz	https://datasetencode.blob.core.windows.net/dataset/2017/01/10/e34d46a6-7266-465e-a2be-67891ff54502/ENCFF065TKH.bed.gz?sv=2019-10-10&si=prod&sr=c&sig=9qSQZo4ggrCNpybBExU8SypuUZV33igI11xw0P7rB3c%3D	48003879			
ENCFF134LMV	bed bed3+	semi-automated genome annotation		ENCSR572UNC	chromatin state		ENCODE v1	CL:0000236	B cell	primary cell				Homo sapiens		2021-07-28	ENCODE	Bill Noble, UW	96ee6ad4cbc8f09862616d4bb0ce9834		https://www.encodeproject.org/files/ENCFF134LMV/@@download/ENCFF134LMV.bed.gz	hg19		released		https://encode-public.s3.amazonaws.com/2017/01/10/78527503-cb6e-476e-90a9-31d8684228e9/ENCFF134LMV.bed.gz	https://datasetencode.blob.core.windows.net/dataset/2017/01/10/78527503-cb6e-476e-90a9-31d8684228e9/ENCFF134LMV.bed.gz?sv=2019-10-10&si=prod&sr=c&sig=9qSQZo4ggrCNpybBExU8SypuUZV33igI11xw0P7rB3c%3D	50910278			
ENCFF425PRO	bed bed3+	semi-automated genome annotation		ENCSR241BWY	chromatin state		ENCODE v1	EFO:0001099	Caco-2	cell line				Homo sapiens		2021-07-28	ENCODE	Bill Noble, UW	1b5ee0932117d4f9387adfa17fb56cd8		https://www.encodeproject.org/files/ENCFF425PRO/@@download/ENCFF425PRO.bed.gz	hg19		released		https://encode-public.s3.amazonaws.com/2017/01/10/a1053d1a-f440-4b5a-ae74-8cfb55aed94e/ENCFF425PRO.bed.gz	https://datasetencode.blob.core.windows.net/dataset/2017/01/10/a1053d1a-f440-4b5a-ae74-8cfb55aed94e/ENCFF425PRO.bed.gz?sv=2019-10-10&si=prod&sr=c&sig=9qSQZo4ggrCNpybBExU8SypuUZV33igI11xw0P7rB3c%3D	55113201			
ENCFF757KLE	bed bed3+	semi-automated genome annotation		ENCSR214CXH	chromatin state		ENCODE v1	CL:0000625	CD8-positive, alpha-beta T cell	primary cell				Homo sapiens		2021-07-28	ENCODE	Bill Noble, UW	98712c43329c41969c96ce3f1bb1d9e0		https://www.encodeproject.org/files/ENCFF757KLE/@@download/ENCFF757KLE.bed.gz	hg19		released		https://encode-public.s3.amazonaws.com/2017/01/10/dfe53408-a15f-4ffa-89cc-0998e38cf0c0/ENCFF757KLE.bed.gz	https://datasetencode.blob.core.windows.net/dataset/2017/01/10/dfe53408-a15f-4ffa-89cc-0998e38cf0c0/ENCFF757KLE.bed.gz?sv=2019-10-10&si=prod&sr=c&sig=9qSQZo4ggrCNpybBExU8SypuUZV33igI11xw0P7rB3c%3D	69195827			
ENCFF524XTL	bed bed3+	semi-automated genome annotation		ENCSR970ELC	chromatin state		ENCODE v1	CL:0000138	chondrocyte	in vitro differentiated cells				Homo sapiens		2021-07-28	ENCODE	Bill Noble, UW	68076d35d1bd9d0b9b9001a2575912f3		https://www.encodeproject.org/files/ENCFF524XTL/@@download/ENCFF524XTL.bed.gz	hg19		released		https://encode-public.s3.amazonaws.com/2017/01/10/fd43753e-22f3-49bb-9e4c-d5260a7d1f66/ENCFF524XTL.bed.gz	https://datasetencode.blob.core.windows.net/dataset/2017/01/10/fd43753e-22f3-49bb-9e4c-d5260a7d1f66/ENCFF524XTL.bed.gz?sv=2019-10-10&si=prod&sr=c&sig=9qSQZo4ggrCNpybBExU8SypuUZV33igI11xw0P7rB3c%3D	54416567			
ENCFF725HYN	bed bed3+	semi-automated genome annotation		ENCSR307ZEO	chromatin state		ENCODE v1	UBERON:0000317	colonic mucosa	tissue				Homo sapiens		2021-07-28	ENCODE	Bill Noble, UW	7f693794356224dffd6919314b2af3f5		https://www.encodeproject.org/files/ENCFF725HYN/@@download/ENCFF725HYN.bed.gz	hg19		released		https://encode-public.s3.amazonaws.com/2017/01/10/dfca1971-b565-4292-997a-d87f22c6c28d/ENCFF725HYN.bed.gz	https://datasetencode.blob.core.windows.net/dataset/2017/01/10/dfca1971-b565-4292-997a-d87f22c6c28d/ENCFF725HYN.bed.gz?sv=2019-10-10&si=prod&sr=c&sig=9qSQZo4ggrCNpybBExU8SypuUZV33igI11xw0P7rB3c%3D	31834279			
ENCFF314OLC	bed bed3+	semi-automated genome annotation		ENCSR247TTH	chromatin state		ENCODE v1	UBERON:0012489	muscle layer of colon	tissue				Homo sapiens		2021-07-28	ENCODE	Bill Noble, UW	5360a4e75aacc44f14eb16fb8faa15e5		https://www.encodeproject.org/files/ENCFF314OLC/@@download/ENCFF314OLC.bed.gz	hg19		released		https://encode-public.s3.amazonaws.com/2017/01/10/e215329f-22b4-44c0-ab91-364a15fa71e7/ENCFF314OLC.bed.gz	https://datasetencode.blob.core.windows.net/dataset/2017/01/10/e215329f-22b4-44c0-ab91-364a15fa71e7/ENCFF314OLC.bed.gz?sv=2019-10-10&si=prod&sr=c&sig=9qSQZo4ggrCNpybBExU8SypuUZV33igI11xw0P7rB3c%3D	67530293			
ENCFF166SIQ	bed bed3+	semi-automated genome annotation		ENCSR991AMM	chromatin state		ENCODE v1	EFO:0007074	DND-41	cell line				Homo sapiens		2021-07-28	ENCODE	Bill Noble, UW	722cee309df8b6e3bf93c48a816ef9ab		https://www.encodeproject.org/files/ENCFF166SIQ/@@download/ENCFF166SIQ.bed.gz	hg19		released		https://encode-public.s3.amazonaws.com/2017/01/10/331b83f6-c621-4385-b48c-afaba5237afa/ENCFF166SIQ.bed.gz	https://datasetencode.blob.core.windows.net/dataset/2017/01/10/331b83f6-c621-4385-b48c-afaba5237afa/ENCFF166SIQ.bed.gz?sv=2019-10-10&si=prod&sr=c&sig=9qSQZo4ggrCNpybBExU8SypuUZV33igI11xw0P7rB3c%3D	50932825			
ENCFF665HYU	bed bed3+	semi-automated genome annotation		ENCSR262UUY	chromatin state		ENCODE v1	UBERON:0000320	duodenal mucosa	tissue				Homo sapiens		2021-07-28	ENCODE	Bill Noble, UW	d4351a2f819ac6c77359b9ccc5124631		https://www.encodeproject.org/files/ENCFF665HYU/@@download/ENCFF665HYU.bed.gz	hg19		released		https://encode-public.s3.amazonaws.com/2017/01/10/f51df198-6421-4069-ad48-c61c0a8d762b/ENCFF665HYU.bed.gz	https://datasetencode.blob.core.windows.net/dataset/2017/01/10/f51df198-6421-4069-ad48-c61c0a8d762b/ENCFF665HYU.bed.gz?sv=2019-10-10&si=prod&sr=c&sig=9qSQZo4ggrCNpybBExU8SypuUZV33igI11xw0P7rB3c%3D	65342116			
ENCFF276PHR	bed bed3+	semi-automated genome annotation		ENCSR374CIF	chromatin state		ENCODE v1	UBERON:0012488	muscle layer of duodenum	tissue				Homo sapiens		2021-07-28	ENCODE	Bill Noble, UW	7c1d5b149f39da801c2f3721b6a6555f		https://www.encodeproject.org/files/ENCFF276PHR/@@download/ENCFF276PHR.bed.gz	hg19		released		https://encode-public.s3.amazonaws.com/2017/01/10/e3404deb-9e48-41ed-b324-1c4fe74e35a7/ENCFF276PHR.bed.gz	https://datasetencode.blob.core.windows.net/dataset/2017/01/10/e3404deb-9e48-41ed-b324-1c4fe74e35a7/ENCFF276PHR.bed.gz?sv=2019-10-10&si=prod&sr=c&sig=9qSQZo4ggrCNpybBExU8SypuUZV33igI11xw0P7rB3c%3D	63863533			
ENCFF792AQT	bed bed3+	semi-automated genome annotation		ENCSR635WIS	chromatin state		ENCODE v1	EFO:0005718	Ishikawa	cell line				Homo sapiens		2021-07-28	ENCODE	Bill Noble, UW	70f5101316a7fd2ec68eeac6243886ff		https://www.encodeproject.org/files/ENCFF792AQT/@@download/ENCFF792AQT.bed.gz	hg19		released		https://encode-public.s3.amazonaws.com/2017/01/10/6dad0b0b-00bc-48eb-bde5-4038b892c230/ENCFF792AQT.bed.gz	https://datasetencode.blob.core.windows.net/dataset/2017/01/10/6dad0b0b-00bc-48eb-bde5-4038b892c230/ENCFF792AQT.bed.gz?sv=2019-10-10&si=prod&sr=c&sig=9qSQZo4ggrCNpybBExU8SypuUZV33igI11xw0P7rB3c%3D	59995304			
ENCFF707CBA	bed bed3+	semi-automated genome annotation		ENCSR594PIL	chromatin state		ENCODE v1	EFO:0007076	ES-I3	cell line				Homo sapiens		2021-07-28	ENCODE	Bill Noble, UW	680f5b0da9cce856a53a051b02cd249a		https://www.encodeproject.org/files/ENCFF707CBA/@@download/ENCFF707CBA.bed.gz	hg19		released		https://encode-public.s3.amazonaws.com/2017/01/10/c88d1aaa-8caa-4a7d-a936-405bf820ccd2/ENCFF707CBA.bed.gz	https://datasetencode.blob.core.windows.net/dataset/2017/01/10/c88d1aaa-8caa-4a7d-a936-405bf820ccd2/ENCFF707CBA.bed.gz?sv=2019-10-10&si=prod&sr=c&sig=9qSQZo4ggrCNpybBExU8SypuUZV33igI11xw0P7rB3c%3D	63809550			
ENCFF730QUM	bed bed3+	semi-automated genome annotation		ENCSR136KFF	chromatin state		ENCODE v1	UBERON:0002369	adrenal gland	tissue				Homo sapiens		2021-07-28	ENCODE	Bill Noble, UW	2d30b31ae70b2545c176ec58d2036bf2		https://www.encodeproject.org/files/ENCFF730QUM/@@download/ENCFF730QUM.bed.gz	hg19		released		https://encode-public.s3.amazonaws.com/2017/01/10/be2e3806-69e8-4f65-a685-bafc5ff96e7b/ENCFF730QUM.bed.gz	https://datasetencode.blob.core.windows.net/dataset/2017/01/10/be2e3806-69e8-4f65-a685-bafc5ff96e7b/ENCFF730QUM.bed.gz?sv=2019-10-10&si=prod&sr=c&sig=9qSQZo4ggrCNpybBExU8SypuUZV33igI11xw0P7rB3c%3D	45763165			
ENCFF645UGL	bed bed3+	semi-automated genome annotation		ENCSR309OPY	chromatin state		ENCODE v1	EFO:0005904	H7	cell line				Homo sapiens		2021-07-28	ENCODE	Bill Noble, UW	e6ffda8ef20bbed30fcf193a66ff2347		https://www.encodeproject.org/files/ENCFF645UGL/@@download/ENCFF645UGL.bed.gz	hg19		released		https://encode-public.s3.amazonaws.com/2017/01/10/6c8e07ad-c541-446f-a071-51bd9861463c/ENCFF645UGL.bed.gz	https://datasetencode.blob.core.windows.net/dataset/2017/01/10/6c8e07ad-c541-446f-a071-51bd9861463c/ENCFF645UGL.bed.gz?sv=2019-10-10&si=prod&sr=c&sig=9qSQZo4ggrCNpybBExU8SypuUZV33igI11xw0P7rB3c%3D	55083997			
ENCFF882RLQ	bed bed3+	semi-automated genome annotation		ENCSR308ULV	chromatin state		ENCODE v1	EFO:0001086	A549	cell line				Homo sapiens		2021-07-28	ENCODE	Bill Noble, UW	cd92a639cd784807d9699b14a8f840cf		https://www.encodeproject.org/files/ENCFF882RLQ/@@download/ENCFF882RLQ.bed.gz	hg19		released		https://encode-public.s3.amazonaws.com/2017/01/10/31d25d94-a078-4d12-b823-5b203bc83a8c/ENCFF882RLQ.bed.gz	https://datasetencode.blob.core.windows.net/dataset/2017/01/10/31d25d94-a078-4d12-b823-5b203bc83a8c/ENCFF882RLQ.bed.gz?sv=2019-10-10&si=prod&sr=c&sig=9qSQZo4ggrCNpybBExU8SypuUZV33igI11xw0P7rB3c%3D	66414330			
ENCFF004YEU	bed bed3+	semi-automated genome annotation		ENCSR226XZC	chromatin state		ENCODE v1	UBERON:0014455	subcutaneous abdominal adipose tissue	tissue				Homo sapiens		2021-07-28	ENCODE	Bill Noble, UW	9d566d31d7c23673b4e933edbbae18dc		https://www.encodeproject.org/files/ENCFF004YEU/@@download/ENCFF004YEU.bed.gz	hg19		released		https://encode-public.s3.amazonaws.com/2017/01/10/7bf94eb7-d792-4181-92db-6c5767730fde/ENCFF004YEU.bed.gz	https://datasetencode.blob.core.windows.net/dataset/2017/01/10/7bf94eb7-d792-4181-92db-6c5767730fde/ENCFF004YEU.bed.gz?sv=2019-10-10&si=prod&sr=c&sig=9qSQZo4ggrCNpybBExU8SypuUZV33igI11xw0P7rB3c%3D	60144564			
ENCFF737QTB	bed bed3+	semi-automated genome annotation		ENCSR921RMV	chromatin state		ENCODE v1	UBERON:0002107	liver	tissue				Homo sapiens		2021-07-28	ENCODE	Bill Noble, UW	21d318e3c7b7108beb558667b7d057c8		https://www.encodeproject.org/files/ENCFF737QTB/@@download/ENCFF737QTB.bed.gz	hg19		released		https://encode-public.s3.amazonaws.com/2017/01/10/1b572119-56dd-4043-8a77-44663c70a510/ENCFF737QTB.bed.gz	https://datasetencode.blob.core.windows.net/dataset/2017/01/10/1b572119-56dd-4043-8a77-44663c70a510/ENCFF737QTB.bed.gz?sv=2019-10-10&si=prod&sr=c&sig=9qSQZo4ggrCNpybBExU8SypuUZV33igI11xw0P7rB3c%3D	58995106			
ENCFF266EQD	bed bed3+	semi-automated genome annotation		ENCSR683LRA	chromatin state		ENCODE v1	CL:0000084	T-cell	primary cell				Homo sapiens		2021-07-28	ENCODE	Bill Noble, UW	daf1828bc764b3db7fd99ec1d36c640f		https://www.encodeproject.org/files/ENCFF266EQD/@@download/ENCFF266EQD.bed.gz	hg19		released		https://encode-public.s3.amazonaws.com/2017/01/10/c761fcf9-663b-4623-ab4f-a0f0758baa74/ENCFF266EQD.bed.gz	https://datasetencode.blob.core.windows.net/dataset/2017/01/10/c761fcf9-663b-4623-ab4f-a0f0758baa74/ENCFF266EQD.bed.gz?sv=2019-10-10&si=prod&sr=c&sig=9qSQZo4ggrCNpybBExU8SypuUZV33igI11xw0P7rB3c%3D	49090005			
ENCFF378DDP	bed bed3+	semi-automated genome annotation		ENCSR493TRT	chromatin state		ENCODE v1	CL:0000792	CD4-positive, CD25-positive, alpha-beta regulatory T cell	primary cell				Homo sapiens		2021-07-28	ENCODE	Bill Noble, UW	9a81a4760f7a6f2b222cfaaf4a138459		https://www.encodeproject.org/files/ENCFF378DDP/@@download/ENCFF378DDP.bed.gz	hg19		released		https://encode-public.s3.amazonaws.com/2017/01/10/316869e5-40b2-41b7-9e79-479320d7c79c/ENCFF378DDP.bed.gz	https://datasetencode.blob.core.windows.net/dataset/2017/01/10/316869e5-40b2-41b7-9e79-479320d7c79c/ENCFF378DDP.bed.gz?sv=2019-10-10&si=prod&sr=c&sig=9qSQZo4ggrCNpybBExU8SypuUZV33igI11xw0P7rB3c%3D	55528845			
ENCFF028REP	bed bed3+	semi-automated genome annotation		ENCSR449EFR	chromatin state		ENCODE v1	CL:0000084	T-cell	primary cell				Homo sapiens		2021-07-28	ENCODE	Bill Noble, UW	43e3238cb0b60b7a092c118103c24cfe		https://www.encodeproject.org/files/ENCFF028REP/@@download/ENCFF028REP.bed.gz	hg19		released		https://encode-public.s3.amazonaws.com/2017/01/10/836be108-8edd-4d93-bfa2-ce1d9593701d/ENCFF028REP.bed.gz	https://datasetencode.blob.core.windows.net/dataset/2017/01/10/836be108-8edd-4d93-bfa2-ce1d9593701d/ENCFF028REP.bed.gz?sv=2019-10-10&si=prod&sr=c&sig=9qSQZo4ggrCNpybBExU8SypuUZV33igI11xw0P7rB3c%3D	41999650			
ENCFF210SMU	bed bed3+	semi-automated genome annotation		ENCSR242FJU	chromatin state		ENCODE v1	CL:0000895	naive thymus-derived CD4-positive, alpha-beta T cell	primary cell				Homo sapiens		2021-07-28	ENCODE	Bill Noble, UW	9ef3c1e5ab72b366ae6bc11961f8692f		https://www.encodeproject.org/files/ENCFF210SMU/@@download/ENCFF210SMU.bed.gz	hg19		released		https://encode-public.s3.amazonaws.com/2017/01/10/d275c051-abbe-47ef-b35f-2c4ef8d1af2b/ENCFF210SMU.bed.gz	https://datasetencode.blob.core.windows.net/dataset/2017/01/10/d275c051-abbe-47ef-b35f-2c4ef8d1af2b/ENCFF210SMU.bed.gz?sv=2019-10-10&si=prod&sr=c&sig=9qSQZo4ggrCNpybBExU8SypuUZV33igI11xw0P7rB3c%3D	68133365			
ENCFF519ZBL	bed bed3+	semi-automated genome annotation		ENCSR126TGJ	chromatin state		ENCODE v1	CL:0000897	CD4-positive, alpha-beta memory T cell	primary cell				Homo sapiens		2021-07-28	ENCODE	Bill Noble, UW	86ed44ba1c42a4ca230fd331566dad05		https://www.encodeproject.org/files/ENCFF519ZBL/@@download/ENCFF519ZBL.bed.gz	hg19		released		https://encode-public.s3.amazonaws.com/2017/01/10/8640ffc3-209e-4924-bda5-d16fc43906b5/ENCFF519ZBL.bed.gz	https://datasetencode.blob.core.windows.net/dataset/2017/01/10/8640ffc3-209e-4924-bda5-d16fc43906b5/ENCFF519ZBL.bed.gz?sv=2019-10-10&si=prod&sr=c&sig=9qSQZo4ggrCNpybBExU8SypuUZV33igI11xw0P7rB3c%3D	61205510			
ENCFF993VBX	bed bed3+	semi-automated genome annotation		ENCSR356AVS	chromatin state		ENCODE v1	CL:0000899	T-helper 17 cell	primary cell				Homo sapiens		2021-07-28	ENCODE	Bill Noble, UW	272a452a947b15e6e91367cd3f3214ef		https://www.encodeproject.org/files/ENCFF993VBX/@@download/ENCFF993VBX.bed.gz	hg19		released		https://encode-public.s3.amazonaws.com/2017/01/10/79cc3913-20bd-439c-9587-0438ac96925c/ENCFF993VBX.bed.gz	https://datasetencode.blob.core.windows.net/dataset/2017/01/10/79cc3913-20bd-439c-9587-0438ac96925c/ENCFF993VBX.bed.gz?sv=2019-10-10&si=prod&sr=c&sig=9qSQZo4ggrCNpybBExU8SypuUZV33igI11xw0P7rB3c%3D	64506148			
ENCFF526MRN	bed bed3+	semi-automated genome annotation		ENCSR814YSQ	chromatin state		ENCODE v1	UBERON:0001155	colon	tissue				Homo sapiens		2021-07-28	ENCODE	Bill Noble, UW	eb7ddb3257d150ddf2e878e4993960fe		https://www.encodeproject.org/files/ENCFF526MRN/@@download/ENCFF526MRN.bed.gz	hg19		released		https://encode-public.s3.amazonaws.com/2017/01/10/c252ee9d-5997-4156-b333-cf2dd0b27096/ENCFF526MRN.bed.gz	https://datasetencode.blob.core.windows.net/dataset/2017/01/10/c252ee9d-5997-4156-b333-cf2dd0b27096/ENCFF526MRN.bed.gz?sv=2019-10-10&si=prod&sr=c&sig=9qSQZo4ggrCNpybBExU8SypuUZV33igI11xw0P7rB3c%3D	58582416			
ENCFF633OYE	bed bed3+	semi-automated genome annotation		ENCSR046WUD	chromatin state		ENCODE v1	UBERON:0002048	lung	tissue				Homo sapiens		2021-07-28	ENCODE	Bill Noble, UW	2218107e6f443ac5c2c1fd67a4964efd		https://www.encodeproject.org/files/ENCFF633OYE/@@download/ENCFF633OYE.bed.gz	hg19		released		https://encode-public.s3.amazonaws.com/2017/01/10/4cf1d653-cb6d-4e8c-b677-67e628bb4caa/ENCFF633OYE.bed.gz	https://datasetencode.blob.core.windows.net/dataset/2017/01/10/4cf1d653-cb6d-4e8c-b677-67e628bb4caa/ENCFF633OYE.bed.gz?sv=2019-10-10&si=prod&sr=c&sig=9qSQZo4ggrCNpybBExU8SypuUZV33igI11xw0P7rB3c%3D	70440414			
ENCFF137NZI	bed bed3+	semi-automated genome annotation		ENCSR849XLS	chromatin state		ENCODE v1	UBERON:0002048	lung	tissue				Homo sapiens		2021-07-28	ENCODE	Bill Noble, UW	6bab3e96b008703972fe0154f1c9069d		https://www.encodeproject.org/files/ENCFF137NZI/@@download/ENCFF137NZI.bed.gz	hg19		released		https://encode-public.s3.amazonaws.com/2017/01/10/61b8175b-7b76-4c40-a6ff-ed45986fe8a2/ENCFF137NZI.bed.gz	https://datasetencode.blob.core.windows.net/dataset/2017/01/10/61b8175b-7b76-4c40-a6ff-ed45986fe8a2/ENCFF137NZI.bed.gz?sv=2019-10-10&si=prod&sr=c&sig=9qSQZo4ggrCNpybBExU8SypuUZV33igI11xw0P7rB3c%3D	60604500			
ENCFF689XTT	bed bed3+	semi-automated genome annotation		ENCSR419VCP	chromatin state		ENCODE v1	UBERON:0002106	spleen	tissue				Homo sapiens		2021-07-28	ENCODE	Bill Noble, UW	1311361b6a61547a121e33abe64028be		https://www.encodeproject.org/files/ENCFF689XTT/@@download/ENCFF689XTT.bed.gz	hg19		released		https://encode-public.s3.amazonaws.com/2017/01/10/6ee5439f-1344-4d90-ad52-40ae04d91992/ENCFF689XTT.bed.gz	https://datasetencode.blob.core.windows.net/dataset/2017/01/10/6ee5439f-1344-4d90-ad52-40ae04d91992/ENCFF689XTT.bed.gz?sv=2019-10-10&si=prod&sr=c&sig=9qSQZo4ggrCNpybBExU8SypuUZV33igI11xw0P7rB3c%3D	70872548			
ENCFF697FWA	bed bed3+	semi-automated genome annotation		ENCSR590TJM	chromatin state		ENCODE v1	EFO:0005725	BE2C	cell line				Homo sapiens		2021-07-28	ENCODE	Bill Noble, UW	b686b640ae7db3566e3778302ad13889		https://www.encodeproject.org/files/ENCFF697FWA/@@download/ENCFF697FWA.bed.gz	hg19		released		https://encode-public.s3.amazonaws.com/2017/01/10/3a9b8c15-8495-4c09-8aeb-a45bf76543b7/ENCFF697FWA.bed.gz	https://datasetencode.blob.core.windows.net/dataset/2017/01/10/3a9b8c15-8495-4c09-8aeb-a45bf76543b7/ENCFF697FWA.bed.gz?sv=2019-10-10&si=prod&sr=c&sig=9qSQZo4ggrCNpybBExU8SypuUZV33igI11xw0P7rB3c%3D	71720344			
ENCFF441FKC	bed bed3+	semi-automated genome annotation		ENCSR783KQL	chromatin state		ENCODE v1	CL:0000134	mesenchymal stem cell	in vitro differentiated cells				Homo sapiens		2021-07-28	ENCODE	Bill Noble, UW	b6afa19c3adb4f431f200ecb8b4bf632		https://www.encodeproject.org/files/ENCFF441FKC/@@download/ENCFF441FKC.bed.gz	hg19		released		https://encode-public.s3.amazonaws.com/2017/01/10/5f69ef87-8746-43a1-ae7c-4f642f6c9aab/ENCFF441FKC.bed.gz	https://datasetencode.blob.core.windows.net/dataset/2017/01/10/5f69ef87-8746-43a1-ae7c-4f642f6c9aab/ENCFF441FKC.bed.gz?sv=2019-10-10&si=prod&sr=c&sig=9qSQZo4ggrCNpybBExU8SypuUZV33igI11xw0P7rB3c%3D	53362921			
ENCFF525MSR	bed bed3+	semi-automated genome annotation		ENCSR785VRH	chromatin state		ENCODE v1	UBERON:0001871	temporal lobe	tissue				Homo sapiens		2021-07-28	ENCODE	Bill Noble, UW	3fa61ac94327224f3e9980e2ca32df3d		https://www.encodeproject.org/files/ENCFF525MSR/@@download/ENCFF525MSR.bed.gz	hg19		released		https://encode-public.s3.amazonaws.com/2017/01/10/9fcb9074-a66b-4af5-b37f-91de7326febf/ENCFF525MSR.bed.gz	https://datasetencode.blob.core.windows.net/dataset/2017/01/10/9fcb9074-a66b-4af5-b37f-91de7326febf/ENCFF525MSR.bed.gz?sv=2019-10-10&si=prod&sr=c&sig=9qSQZo4ggrCNpybBExU8SypuUZV33igI11xw0P7rB3c%3D	68289845			
ENCFF386SRJ	bed bed3+	semi-automated genome annotation		ENCSR754STQ	chromatin state		ENCODE v1	UBERON:0002686	angular gyrus	tissue				Homo sapiens		2021-07-28	ENCODE	Bill Noble, UW	09ba96b29c98f6b952bb7e8c6e6b6a9b		https://www.encodeproject.org/files/ENCFF386SRJ/@@download/ENCFF386SRJ.bed.gz	hg19		released		https://encode-public.s3.amazonaws.com/2017/01/10/9fc68f65-7a78-4b36-a4ff-5e7fe0d85b04/ENCFF386SRJ.bed.gz	https://datasetencode.blob.core.windows.net/dataset/2017/01/10/9fc68f65-7a78-4b36-a4ff-5e7fe0d85b04/ENCFF386SRJ.bed.gz?sv=2019-10-10&si=prod&sr=c&sig=9qSQZo4ggrCNpybBExU8SypuUZV33igI11xw0P7rB3c%3D	74728079			
ENCFF508PQI	bed bed3+	semi-automated genome annotation		ENCSR187DQW	chromatin state		ENCODE v1	UBERON:0001873	caudate nucleus	tissue				Homo sapiens		2021-07-28	ENCODE	Bill Noble, UW	8f9cba370e3094ab238dea65643f46f9		https://www.encodeproject.org/files/ENCFF508PQI/@@download/ENCFF508PQI.bed.gz	hg19		released		https://encode-public.s3.amazonaws.com/2017/01/10/49e28a83-7d37-4e25-93a0-1ed4a5742458/ENCFF508PQI.bed.gz	https://datasetencode.blob.core.windows.net/dataset/2017/01/10/49e28a83-7d37-4e25-93a0-1ed4a5742458/ENCFF508PQI.bed.gz?sv=2019-10-10&si=prod&sr=c&sig=9qSQZo4ggrCNpybBExU8SypuUZV33igI11xw0P7rB3c%3D	67189305			
ENCFF576MTO	bed bed3+	semi-automated genome annotation		ENCSR666WFF	chromatin state		ENCODE v1	EFO:0002779	BJ	cell line				Homo sapiens		2021-07-28	ENCODE	Bill Noble, UW	accd31002bbb2961220336943f5fc0fc		https://www.encodeproject.org/files/ENCFF576MTO/@@download/ENCFF576MTO.bed.gz	hg19		released		https://encode-public.s3.amazonaws.com/2017/01/10/6360694d-4148-4b0d-852c-3157ea59f6c1/ENCFF576MTO.bed.gz	https://datasetencode.blob.core.windows.net/dataset/2017/01/10/6360694d-4148-4b0d-852c-3157ea59f6c1/ENCFF576MTO.bed.gz?sv=2019-10-10&si=prod&sr=c&sig=9qSQZo4ggrCNpybBExU8SypuUZV33igI11xw0P7rB3c%3D	3091783			
ENCFF667GKL	bed bed3+	semi-automated genome annotation		ENCSR219OLF	chromatin state		ENCODE v1	UBERON:0002305	layer of hippocampus	tissue				Homo sapiens		2021-07-28	ENCODE	Bill Noble, UW	fde4c7d4b2c0128096085ed49183810e		https://www.encodeproject.org/files/ENCFF667GKL/@@download/ENCFF667GKL.bed.gz	hg19		released		https://encode-public.s3.amazonaws.com/2017/01/10/8a876502-cae5-4525-aade-dcbd7ef9dc71/ENCFF667GKL.bed.gz	https://datasetencode.blob.core.windows.net/dataset/2017/01/10/8a876502-cae5-4525-aade-dcbd7ef9dc71/ENCFF667GKL.bed.gz?sv=2019-10-10&si=prod&sr=c&sig=9qSQZo4ggrCNpybBExU8SypuUZV33igI11xw0P7rB3c%3D	59594725			
ENCFF400KWY	bed bed3+	semi-automated genome annotation		ENCSR465XYJ	chromatin state		ENCODE v1	UBERON:0002967	cingulate gyrus	tissue				Homo sapiens		2021-07-28	ENCODE	Bill Noble, UW	8f5980a5593329c20192c6fbeb0935b1		https://www.encodeproject.org/files/ENCFF400KWY/@@download/ENCFF400KWY.bed.gz	hg19		released		https://encode-public.s3.amazonaws.com/2017/01/10/3f7397a5-fa26-4d6e-8c79-3b6cdd5e6f3d/ENCFF400KWY.bed.gz	https://datasetencode.blob.core.windows.net/dataset/2017/01/10/3f7397a5-fa26-4d6e-8c79-3b6cdd5e6f3d/ENCFF400KWY.bed.gz?sv=2019-10-10&si=prod&sr=c&sig=9qSQZo4ggrCNpybBExU8SypuUZV33igI11xw0P7rB3c%3D	70004862			
ENCFF245FFX	bed bed3+	semi-automated genome annotation		ENCSR814KYG	chromatin state		ENCODE v1	UBERON:0000945	stomach	tissue				Homo sapiens		2021-07-28	ENCODE	Bill Noble, UW	38eedb76be663faf6c5a352d9ac7aef0		https://www.encodeproject.org/files/ENCFF245FFX/@@download/ENCFF245FFX.bed.gz	hg19		released		https://encode-public.s3.amazonaws.com/2017/01/10/9e3f57a3-c1ce-4f67-ae5b-943d9bcd982e/ENCFF245FFX.bed.gz	https://datasetencode.blob.core.windows.net/dataset/2017/01/10/9e3f57a3-c1ce-4f67-ae5b-943d9bcd982e/ENCFF245FFX.bed.gz?sv=2019-10-10&si=prod&sr=c&sig=9qSQZo4ggrCNpybBExU8SypuUZV33igI11xw0P7rB3c%3D	61201836			
ENCFF902JIW	bed bed3+	semi-automated genome annotation		ENCSR517KID	chromatin state		ENCODE v1	EFO:0002782	H54	cell line				Homo sapiens		2021-07-28	ENCODE	Bill Noble, UW	04c0b2a6ad185996e54472ce492a76a2		https://www.encodeproject.org/files/ENCFF902JIW/@@download/ENCFF902JIW.bed.gz	hg19		released		https://encode-public.s3.amazonaws.com/2017/01/10/8dde339a-2a1a-40bb-b64c-50597af4b99c/ENCFF902JIW.bed.gz	https://datasetencode.blob.core.windows.net/dataset/2017/01/10/8dde339a-2a1a-40bb-b64c-50597af4b99c/ENCFF902JIW.bed.gz?sv=2019-10-10&si=prod&sr=c&sig=9qSQZo4ggrCNpybBExU8SypuUZV33igI11xw0P7rB3c%3D	55195429			
ENCFF523YOT	bed bed3+	semi-automated genome annotation		ENCSR792OKV	chromatin state		ENCODE v1	EFO:0002783	GM06990	cell line				Homo sapiens		2021-07-28	ENCODE	Bill Noble, UW	4708543e4b84748452bbfa7d5861c2df		https://www.encodeproject.org/files/ENCFF523YOT/@@download/ENCFF523YOT.bed.gz	hg19		released		https://encode-public.s3.amazonaws.com/2017/01/10/895361a4-d248-4bbb-8fc6-9372dbd7db6f/ENCFF523YOT.bed.gz	https://datasetencode.blob.core.windows.net/dataset/2017/01/10/895361a4-d248-4bbb-8fc6-9372dbd7db6f/ENCFF523YOT.bed.gz?sv=2019-10-10&si=prod&sr=c&sig=9qSQZo4ggrCNpybBExU8SypuUZV33igI11xw0P7rB3c%3D	9210757			
ENCFF370MSL	bed bed3+	semi-automated genome annotation		ENCSR627LFH	chromatin state		ENCODE v1	UBERON:0000945	stomach	tissue				Homo sapiens		2021-07-28	ENCODE	Bill Noble, UW	0fe0f3a85fb0f7121b9f4057087ef024		https://www.encodeproject.org/files/ENCFF370MSL/@@download/ENCFF370MSL.bed.gz	hg19		released		https://encode-public.s3.amazonaws.com/2017/01/10/fc0b2119-2595-43ac-8147-e745f5308f9b/ENCFF370MSL.bed.gz	https://datasetencode.blob.core.windows.net/dataset/2017/01/10/fc0b2119-2595-43ac-8147-e745f5308f9b/ENCFF370MSL.bed.gz?sv=2019-10-10&si=prod&sr=c&sig=9qSQZo4ggrCNpybBExU8SypuUZV33igI11xw0P7rB3c%3D	43537019			
ENCFF851GWT	bed bed3+	semi-automated genome annotation		ENCSR882BVC	chromatin state		ENCODE v1	UBERON:0002370	thymus	tissue				Homo sapiens		2021-07-28	ENCODE	Bill Noble, UW	ba415946391fe6dee42b7b399f5683f8		https://www.encodeproject.org/files/ENCFF851GWT/@@download/ENCFF851GWT.bed.gz	hg19		released		https://encode-public.s3.amazonaws.com/2017/01/10/681e91ea-cb69-4175-b1c8-6619d8f2d077/ENCFF851GWT.bed.gz	https://datasetencode.blob.core.windows.net/dataset/2017/01/10/681e91ea-cb69-4175-b1c8-6619d8f2d077/ENCFF851GWT.bed.gz?sv=2019-10-10&si=prod&sr=c&sig=9qSQZo4ggrCNpybBExU8SypuUZV33igI11xw0P7rB3c%3D	60373784			
ENCFF625YIV	bed bed3+	semi-automated genome annotation		ENCSR606EEQ	chromatin state		ENCODE v1	EFO:0005337	GM12864	cell line				Homo sapiens		2021-07-28	ENCODE	Bill Noble, UW	f7f36dbb778fcd749fc983bf1b9f9f09		https://www.encodeproject.org/files/ENCFF625YIV/@@download/ENCFF625YIV.bed.gz	hg19		released		https://encode-public.s3.amazonaws.com/2017/01/10/c14db475-3869-4695-a9c4-02e7022914ee/ENCFF625YIV.bed.gz	https://datasetencode.blob.core.windows.net/dataset/2017/01/10/c14db475-3869-4695-a9c4-02e7022914ee/ENCFF625YIV.bed.gz?sv=2019-10-10&si=prod&sr=c&sig=9qSQZo4ggrCNpybBExU8SypuUZV33igI11xw0P7rB3c%3D	55654054			
ENCFF921BGW	bed bed3+	semi-automated genome annotation		ENCSR748WUN	chromatin state		ENCODE v1	EFO:0005338	GM12865	cell line				Homo sapiens		2021-07-28	ENCODE	Bill Noble, UW	a3318bcbf826309d10901b3f618ef6b0		https://www.encodeproject.org/files/ENCFF921BGW/@@download/ENCFF921BGW.bed.gz	hg19		released		https://encode-public.s3.amazonaws.com/2017/01/10/df2457eb-356e-4609-92bb-5cfeb6ec904e/ENCFF921BGW.bed.gz	https://datasetencode.blob.core.windows.net/dataset/2017/01/10/df2457eb-356e-4609-92bb-5cfeb6ec904e/ENCFF921BGW.bed.gz?sv=2019-10-10&si=prod&sr=c&sig=9qSQZo4ggrCNpybBExU8SypuUZV33igI11xw0P7rB3c%3D	63865355			
ENCFF146MFX	bed bed3+	semi-automated genome annotation		ENCSR239JCW	chromatin state		ENCODE v1	UBERON:0001987	placenta	tissue				Homo sapiens		2021-07-28	ENCODE	Bill Noble, UW	db299272d11f928ce996b7e874419f08		https://www.encodeproject.org/files/ENCFF146MFX/@@download/ENCFF146MFX.bed.gz	hg19		released		https://encode-public.s3.amazonaws.com/2017/01/10/15cbbd68-d4cd-4beb-a138-75fe8806f408/ENCFF146MFX.bed.gz	https://datasetencode.blob.core.windows.net/dataset/2017/01/10/15cbbd68-d4cd-4beb-a138-75fe8806f408/ENCFF146MFX.bed.gz?sv=2019-10-10&si=prod&sr=c&sig=9qSQZo4ggrCNpybBExU8SypuUZV33igI11xw0P7rB3c%3D	47832871			
ENCFF090YAF	bed bed3+	candidate Cis-Regulatory Elements		ENCSR369OQM	chromatin state		ENCODE v1							Homo sapiens		2022-04-15	ENCODE	Bill Noble, UW	3f93552beeab3edec6651f919babee91		https://www.encodeproject.org/files/ENCFF090YAF/@@download/ENCFF090YAF.bed.gz	hg19		released		https://encode-public.s3.amazonaws.com/2017/01/10/ff286ea6-a139-4bc0-85ce-e28ede763420/ENCFF090YAF.bed.gz	https://datasetencode.blob.core.windows.net/dataset/2017/01/10/ff286ea6-a139-4bc0-85ce-e28ede763420/ENCFF090YAF.bed.gz?sv=2019-10-10&si=prod&sr=c&sig=9qSQZo4ggrCNpybBExU8SypuUZV33igI11xw0P7rB3c%3D	45305084			
ENCFF589ISM	bed bed3+	semi-automated genome annotation		ENCSR631WSO	chromatin state		ENCODE v1	UBERON:0000955	brain	tissue				Homo sapiens		2021-07-28	ENCODE	Bill Noble, UW	e1ec42ad990a6e275a1afff546db2d08		https://www.encodeproject.org/files/ENCFF589ISM/@@download/ENCFF589ISM.bed.gz	hg19		released		https://encode-public.s3.amazonaws.com/2017/01/10/e1b25eb5-5788-426a-a569-aae9becff41c/ENCFF589ISM.bed.gz	https://datasetencode.blob.core.windows.net/dataset/2017/01/10/e1b25eb5-5788-426a-a569-aae9becff41c/ENCFF589ISM.bed.gz?sv=2019-10-10&si=prod&sr=c&sig=9qSQZo4ggrCNpybBExU8SypuUZV33igI11xw0P7rB3c%3D	59672783			
ENCFF989PNJ	bed bed3+	semi-automated genome annotation		ENCSR457PFZ	chromatin state		ENCODE v1	UBERON:0000955	brain	tissue				Homo sapiens		2021-07-28	ENCODE	Bill Noble, UW	d85b71312864f202dcc82813bfc80582		https://www.encodeproject.org/files/ENCFF989PNJ/@@download/ENCFF989PNJ.bed.gz	hg19		released		https://encode-public.s3.amazonaws.com/2017/01/10/f108e127-6048-4a41-9998-5701d12510f7/ENCFF989PNJ.bed.gz	https://datasetencode.blob.core.windows.net/dataset/2017/01/10/f108e127-6048-4a41-9998-5701d12510f7/ENCFF989PNJ.bed.gz?sv=2019-10-10&si=prod&sr=c&sig=9qSQZo4ggrCNpybBExU8SypuUZV33igI11xw0P7rB3c%3D	63664496			
ENCFF824YJV	bed bed3+	semi-automated genome annotation		ENCSR719QFI	chromatin state		ENCODE v1	UBERON:0002108	small intestine	tissue				Homo sapiens		2021-07-28	ENCODE	Bill Noble, UW	add5418defc7c108a440e56b82dae2a3		https://www.encodeproject.org/files/ENCFF824YJV/@@download/ENCFF824YJV.bed.gz	hg19		released		https://encode-public.s3.amazonaws.com/2017/01/10/8a0f5d6a-e050-46fd-84a8-296e8851c243/ENCFF824YJV.bed.gz	https://datasetencode.blob.core.windows.net/dataset/2017/01/10/8a0f5d6a-e050-46fd-84a8-296e8851c243/ENCFF824YJV.bed.gz?sv=2019-10-10&si=prod&sr=c&sig=9qSQZo4ggrCNpybBExU8SypuUZV33igI11xw0P7rB3c%3D	48214489			
ENCFF216FKQ	bed bed3+	semi-automated genome annotation		ENCSR225SPH	chromatin state		ENCODE v1	UBERON:0002113	kidney	tissue				Homo sapiens		2021-07-28	ENCODE	Bill Noble, UW	b2e93a29db9be477dc61bb66d0dee6a9		https://www.encodeproject.org/files/ENCFF216FKQ/@@download/ENCFF216FKQ.bed.gz	hg19		released		https://encode-public.s3.amazonaws.com/2017/01/10/0e0dfde4-a6a1-44d4-8496-718c0d6123f0/ENCFF216FKQ.bed.gz	https://datasetencode.blob.core.windows.net/dataset/2017/01/10/0e0dfde4-a6a1-44d4-8496-718c0d6123f0/ENCFF216FKQ.bed.gz?sv=2019-10-10&si=prod&sr=c&sig=9qSQZo4ggrCNpybBExU8SypuUZV33igI11xw0P7rB3c%3D	77856405			
ENCFF130BAY	bed bed3+	semi-automated genome annotation		ENCSR564JDJ	chromatin state		ENCODE v1	UBERON:0002048	lung	tissue				Homo sapiens		2021-07-28	ENCODE	Bill Noble, UW	068081f2dc9a09f9f1506cdd53428235		https://www.encodeproject.org/files/ENCFF130BAY/@@download/ENCFF130BAY.bed.gz	hg19		released		https://encode-public.s3.amazonaws.com/2017/01/10/492dc6f8-d0f9-4f12-a703-27b19e961f2e/ENCFF130BAY.bed.gz	https://datasetencode.blob.core.windows.net/dataset/2017/01/10/492dc6f8-d0f9-4f12-a703-27b19e961f2e/ENCFF130BAY.bed.gz?sv=2019-10-10&si=prod&sr=c&sig=9qSQZo4ggrCNpybBExU8SypuUZV33igI11xw0P7rB3c%3D	60391118			
ENCFF654PKF	bed bed3+	semi-automated genome annotation		ENCSR525VHV	chromatin state		ENCODE v1	UBERON:0001383	muscle of leg	tissue				Homo sapiens		2021-07-28	ENCODE	Bill Noble, UW	66aa2b76f86a83f8fe5e0b6900a64e39		https://www.encodeproject.org/files/ENCFF654PKF/@@download/ENCFF654PKF.bed.gz	hg19		released		https://encode-public.s3.amazonaws.com/2017/01/10/3170aa6a-91bd-437d-844f-a5307c4c9446/ENCFF654PKF.bed.gz	https://datasetencode.blob.core.windows.net/dataset/2017/01/10/3170aa6a-91bd-437d-844f-a5307c4c9446/ENCFF654PKF.bed.gz?sv=2019-10-10&si=prod&sr=c&sig=9qSQZo4ggrCNpybBExU8SypuUZV33igI11xw0P7rB3c%3D	45155342			
ENCFF530JRB	bed bed3+	semi-automated genome annotation		ENCSR558XWU	chromatin state		ENCODE v1	UBERON:0000948	heart	tissue				Homo sapiens		2021-07-28	ENCODE	Bill Noble, UW	8192007870cfd61151376e31f8f2d1de		https://www.encodeproject.org/files/ENCFF530JRB/@@download/ENCFF530JRB.bed.gz	hg19		released		https://encode-public.s3.amazonaws.com/2017/01/10/bd75a42b-5bc3-441c-85b7-8849b1f92fd3/ENCFF530JRB.bed.gz	https://datasetencode.blob.core.windows.net/dataset/2017/01/10/bd75a42b-5bc3-441c-85b7-8849b1f92fd3/ENCFF530JRB.bed.gz?sv=2019-10-10&si=prod&sr=c&sig=9qSQZo4ggrCNpybBExU8SypuUZV33igI11xw0P7rB3c%3D	56086520			
ENCFF773FCZ	bed bed3+	semi-automated genome annotation		ENCSR065MBR	chromatin state		ENCODE v1	UBERON:0000059	large intestine	tissue				Homo sapiens		2021-07-28	ENCODE	Bill Noble, UW	5d13ea5a473173d7130dea39026578b4		https://www.encodeproject.org/files/ENCFF773FCZ/@@download/ENCFF773FCZ.bed.gz	hg19		released		https://encode-public.s3.amazonaws.com/2017/01/10/49e56e69-21f8-405a-ad90-24f630baa8be/ENCFF773FCZ.bed.gz	https://datasetencode.blob.core.windows.net/dataset/2017/01/10/49e56e69-21f8-405a-ad90-24f630baa8be/ENCFF773FCZ.bed.gz?sv=2019-10-10&si=prod&sr=c&sig=9qSQZo4ggrCNpybBExU8SypuUZV33igI11xw0P7rB3c%3D	58425349			
ENCFF986QPJ	bed bed3+	semi-automated genome annotation		ENCSR405SEZ	chromatin state		ENCODE v1	UBERON:0001774	muscle of trunk	tissue				Homo sapiens		2021-07-28	ENCODE	Bill Noble, UW	ae2fb7be94e4fdb1ac813b047ab8a30f		https://www.encodeproject.org/files/ENCFF986QPJ/@@download/ENCFF986QPJ.bed.gz	hg19		released		https://encode-public.s3.amazonaws.com/2017/01/10/53e2a032-18fa-4f54-870a-28d5d8374337/ENCFF986QPJ.bed.gz	https://datasetencode.blob.core.windows.net/dataset/2017/01/10/53e2a032-18fa-4f54-870a-28d5d8374337/ENCFF986QPJ.bed.gz?sv=2019-10-10&si=prod&sr=c&sig=9qSQZo4ggrCNpybBExU8SypuUZV33igI11xw0P7rB3c%3D	41189544			
ENCFF334IYO	bed bed3+	semi-automated genome annotation		ENCSR006ZIN	chromatin state		ENCODE v1	CLO:0034837	AG04449	cell line				Homo sapiens		2021-07-28	ENCODE	Bill Noble, UW	6c3d72692b205274ae834e12b67ef32c		https://www.encodeproject.org/files/ENCFF334IYO/@@download/ENCFF334IYO.bed.gz	hg19		released		https://encode-public.s3.amazonaws.com/2017/01/10/5ea457fe-bc12-40a6-ac69-6d6eed01ca8e/ENCFF334IYO.bed.gz	https://datasetencode.blob.core.windows.net/dataset/2017/01/10/5ea457fe-bc12-40a6-ac69-6d6eed01ca8e/ENCFF334IYO.bed.gz?sv=2019-10-10&si=prod&sr=c&sig=9qSQZo4ggrCNpybBExU8SypuUZV33igI11xw0P7rB3c%3D	50947545			
ENCFF112IKD	bed bed3+	semi-automated genome annotation		ENCSR813RDI	chromatin state		ENCODE v1	EFO:0006270	AG04450	cell line				Homo sapiens		2021-07-28	ENCODE	Bill Noble, UW	36982a3b88caa4f65342bd9987f865be		https://www.encodeproject.org/files/ENCFF112IKD/@@download/ENCFF112IKD.bed.gz	hg19		released		https://encode-public.s3.amazonaws.com/2017/01/10/892bff26-cb19-4352-922f-9d03c9fb0691/ENCFF112IKD.bed.gz	https://datasetencode.blob.core.windows.net/dataset/2017/01/10/892bff26-cb19-4352-922f-9d03c9fb0691/ENCFF112IKD.bed.gz?sv=2019-10-10&si=prod&sr=c&sig=9qSQZo4ggrCNpybBExU8SypuUZV33igI11xw0P7rB3c%3D	56982840			
ENCFF799TPD	bed bed3+	semi-automated genome annotation		ENCSR806LOJ	chromatin state		ENCODE v1	CLO:0021752	AG09309	cell line				Homo sapiens		2021-07-28	ENCODE	Bill Noble, UW	af4c3a6eb42100a7a185678e85d3239a		https://www.encodeproject.org/files/ENCFF799TPD/@@download/ENCFF799TPD.bed.gz	hg19		released		https://encode-public.s3.amazonaws.com/2017/01/10/9c7b1f80-d002-4e33-8368-70a6602cd669/ENCFF799TPD.bed.gz	https://datasetencode.blob.core.windows.net/dataset/2017/01/10/9c7b1f80-d002-4e33-8368-70a6602cd669/ENCFF799TPD.bed.gz?sv=2019-10-10&si=prod&sr=c&sig=9qSQZo4ggrCNpybBExU8SypuUZV33igI11xw0P7rB3c%3D	42295950			
ENCFF442IXL	bed bed3+	semi-automated genome annotation		ENCSR575YBN	chromatin state		ENCODE v1	CLO:0021511	AG10803	cell line				Homo sapiens		2021-07-28	ENCODE	Bill Noble, UW	9e84d5f385bf877ca139ead2db1c07aa		https://www.encodeproject.org/files/ENCFF442IXL/@@download/ENCFF442IXL.bed.gz	hg19		released		https://encode-public.s3.amazonaws.com/2017/01/10/bd4a49a3-5bd4-4c5b-a36b-d434ec3319de/ENCFF442IXL.bed.gz	https://datasetencode.blob.core.windows.net/dataset/2017/01/10/bd4a49a3-5bd4-4c5b-a36b-d434ec3319de/ENCFF442IXL.bed.gz?sv=2019-10-10&si=prod&sr=c&sig=9qSQZo4ggrCNpybBExU8SypuUZV33igI11xw0P7rB3c%3D	66185047			
ENCFF223EXU	bed bed3+	semi-automated genome annotation		ENCSR932IUG	chromatin state		ENCODE v1	CL:0002547	fibroblast of the aortic adventitia	primary cell				Homo sapiens		2021-07-28	ENCODE	Bill Noble, UW	557463cb7409bda4d14ccabdf39ba523		https://www.encodeproject.org/files/ENCFF223EXU/@@download/ENCFF223EXU.bed.gz	hg19		released		https://encode-public.s3.amazonaws.com/2017/01/10/18cd6686-fa6f-464f-8398-13284ce18f4e/ENCFF223EXU.bed.gz	https://datasetencode.blob.core.windows.net/dataset/2017/01/10/18cd6686-fa6f-464f-8398-13284ce18f4e/ENCFF223EXU.bed.gz?sv=2019-10-10&si=prod&sr=c&sig=9qSQZo4ggrCNpybBExU8SypuUZV33igI11xw0P7rB3c%3D	62132930			
ENCFF413IVJ	bed bed3+	semi-automated genome annotation		ENCSR852YFG	chromatin state		ENCODE v1	UBERON:0000947	aorta	tissue				Homo sapiens		2021-07-28	ENCODE	Bill Noble, UW	56f764ee7482c9fd8450dff84ee6b482		https://www.encodeproject.org/files/ENCFF413IVJ/@@download/ENCFF413IVJ.bed.gz	hg19		released		https://encode-public.s3.amazonaws.com/2017/01/10/7d6c2377-a5e5-47bd-9cac-1c88a8a78dc5/ENCFF413IVJ.bed.gz	https://datasetencode.blob.core.windows.net/dataset/2017/01/10/7d6c2377-a5e5-47bd-9cac-1c88a8a78dc5/ENCFF413IVJ.bed.gz?sv=2019-10-10&si=prod&sr=c&sig=9qSQZo4ggrCNpybBExU8SypuUZV33igI11xw0P7rB3c%3D	53606468			
ENCFF957DSA	bed bed3+	semi-automated genome annotation		ENCSR800BCG	chromatin state		ENCODE v1	CLO:0021754	AG09319	cell line				Homo sapiens		2021-07-28	ENCODE	Bill Noble, UW	2d19c7a8730422705ac1b7ae487a0ae9		https://www.encodeproject.org/files/ENCFF957DSA/@@download/ENCFF957DSA.bed.gz	hg19		released		https://encode-public.s3.amazonaws.com/2017/01/10/3bf3fccc-73f9-4ef8-9020-b6bb2a640eba/ENCFF957DSA.bed.gz	https://datasetencode.blob.core.windows.net/dataset/2017/01/10/3bf3fccc-73f9-4ef8-9020-b6bb2a640eba/ENCFF957DSA.bed.gz?sv=2019-10-10&si=prod&sr=c&sig=9qSQZo4ggrCNpybBExU8SypuUZV33igI11xw0P7rB3c%3D	41291435			
ENCFF184JUO	bed bed3+	semi-automated genome annotation		ENCSR695ZOJ	chromatin state		ENCODE v1	CL:0000706	choroid plexus epithelial cell	primary cell				Homo sapiens		2021-07-28	ENCODE	Bill Noble, UW	9bf3bd31f90197f12ef350b1b428acaa		https://www.encodeproject.org/files/ENCFF184JUO/@@download/ENCFF184JUO.bed.gz	hg19		released		https://encode-public.s3.amazonaws.com/2017/01/10/cbfb065b-5702-4b2d-b481-cc26612605e4/ENCFF184JUO.bed.gz	https://datasetencode.blob.core.windows.net/dataset/2017/01/10/cbfb065b-5702-4b2d-b481-cc26612605e4/ENCFF184JUO.bed.gz?sv=2019-10-10&si=prod&sr=c&sig=9qSQZo4ggrCNpybBExU8SypuUZV33igI11xw0P7rB3c%3D	69627293			
ENCFF451QJT	bed bed3+	semi-automated genome annotation		ENCSR103NSO	chromatin state		ENCODE v1	CL:0002252	epithelial cell of esophagus	primary cell				Homo sapiens		2021-07-28	ENCODE	Bill Noble, UW	e76a904bc4f1651e498770129b78eee8		https://www.encodeproject.org/files/ENCFF451QJT/@@download/ENCFF451QJT.bed.gz	hg19		released		https://encode-public.s3.amazonaws.com/2017/01/10/678e56a8-5255-4c94-bae0-3d1aa2447802/ENCFF451QJT.bed.gz	https://datasetencode.blob.core.windows.net/dataset/2017/01/10/678e56a8-5255-4c94-bae0-3d1aa2447802/ENCFF451QJT.bed.gz?sv=2019-10-10&si=prod&sr=c&sig=9qSQZo4ggrCNpybBExU8SypuUZV33igI11xw0P7rB3c%3D	66103764			
ENCFF095SYK	bed bed3+	semi-automated genome annotation		ENCSR546LJO	chromatin state		ENCODE v1	CL:0000221	ectodermal cell	in vitro differentiated cells				Homo sapiens		2021-07-28	ENCODE	Bill Noble, UW	e5c02e46b2914a7d5e6569da63a05fbf		https://www.encodeproject.org/files/ENCFF095SYK/@@download/ENCFF095SYK.bed.gz	hg19		released		https://encode-public.s3.amazonaws.com/2017/01/10/275b67c2-2cc6-4695-a66a-1874e4e03f7e/ENCFF095SYK.bed.gz	https://datasetencode.blob.core.windows.net/dataset/2017/01/10/275b67c2-2cc6-4695-a66a-1874e4e03f7e/ENCFF095SYK.bed.gz?sv=2019-10-10&si=prod&sr=c&sig=9qSQZo4ggrCNpybBExU8SypuUZV33igI11xw0P7rB3c%3D	56067068			
ENCFF662MJX	bed bed3+	semi-automated genome annotation		ENCSR187RZU	chromatin state		ENCODE v1	CL:0000222	mesodermal cell	in vitro differentiated cells				Homo sapiens		2021-07-28	ENCODE	Bill Noble, UW	9cd7d0bbf3221df88087205123828d22		https://www.encodeproject.org/files/ENCFF662MJX/@@download/ENCFF662MJX.bed.gz	hg19		released		https://encode-public.s3.amazonaws.com/2017/01/10/db4413b6-2c4c-4af2-b33c-474a80f660d5/ENCFF662MJX.bed.gz	https://datasetencode.blob.core.windows.net/dataset/2017/01/10/db4413b6-2c4c-4af2-b33c-474a80f660d5/ENCFF662MJX.bed.gz?sv=2019-10-10&si=prod&sr=c&sig=9qSQZo4ggrCNpybBExU8SypuUZV33igI11xw0P7rB3c%3D	47843264			
ENCFF483DPU	bed bed3+	semi-automated genome annotation		ENCSR395OHA	chromatin state		ENCODE v1	CL:0002327	mammary epithelial cell	primary cell				Homo sapiens		2021-07-28	ENCODE	Bill Noble, UW	da8ac296ae2ff2d42e631839df158b96		https://www.encodeproject.org/files/ENCFF483DPU/@@download/ENCFF483DPU.bed.gz	hg19		released		https://encode-public.s3.amazonaws.com/2017/01/10/c97ee7b6-1fc2-4066-aa5d-766e7d5511ff/ENCFF483DPU.bed.gz	https://datasetencode.blob.core.windows.net/dataset/2017/01/10/c97ee7b6-1fc2-4066-aa5d-766e7d5511ff/ENCFF483DPU.bed.gz?sv=2019-10-10&si=prod&sr=c&sig=9qSQZo4ggrCNpybBExU8SypuUZV33igI11xw0P7rB3c%3D	52695100			
ENCFF951RTE	bed bed3+	semi-automated genome annotation		ENCSR708XVF	chromatin state		ENCODE v1	CL:0002551	fibroblast of dermis	primary cell				Homo sapiens		2021-07-28	ENCODE	Bill Noble, UW	425484a6c80ad7199de2b80d7eaadcc6		https://www.encodeproject.org/files/ENCFF951RTE/@@download/ENCFF951RTE.bed.gz	hg19		released		https://encode-public.s3.amazonaws.com/2017/01/10/c4ee41a5-a505-4e9a-87a4-4bb8b0fabf9d/ENCFF951RTE.bed.gz	https://datasetencode.blob.core.windows.net/dataset/2017/01/10/c4ee41a5-a505-4e9a-87a4-4bb8b0fabf9d/ENCFF951RTE.bed.gz?sv=2019-10-10&si=prod&sr=c&sig=9qSQZo4ggrCNpybBExU8SypuUZV33igI11xw0P7rB3c%3D	74096391			
ENCFF661JZC	bed bed3+	semi-automated genome annotation		ENCSR875LZL	chromatin state		ENCODE v1	UBERON:0008450	psoas muscle	tissue				Homo sapiens		2021-07-28	ENCODE	Bill Noble, UW	5ebb72c25f104ca28ebbde0a4786b485		https://www.encodeproject.org/files/ENCFF661JZC/@@download/ENCFF661JZC.bed.gz	hg19		released		https://encode-public.s3.amazonaws.com/2017/01/10/49288d19-77dd-44ad-9677-dfb9fe044379/ENCFF661JZC.bed.gz	https://datasetencode.blob.core.windows.net/dataset/2017/01/10/49288d19-77dd-44ad-9677-dfb9fe044379/ENCFF661JZC.bed.gz?sv=2019-10-10&si=prod&sr=c&sig=9qSQZo4ggrCNpybBExU8SypuUZV33igI11xw0P7rB3c%3D	49281171			
ENCFF277KFS	bed bed3+	semi-automated genome annotation		ENCSR102ZPZ	chromatin state		ENCODE v1	UBERON:0018112	rectal smooth muscle tissue	tissue				Homo sapiens		2021-07-28	ENCODE	Bill Noble, UW	fa78fb3f6d42c7baadb8de5cf8a88b48		https://www.encodeproject.org/files/ENCFF277KFS/@@download/ENCFF277KFS.bed.gz	hg19		released		https://encode-public.s3.amazonaws.com/2017/01/10/7d8b977d-04ef-4f1f-947a-3a7bcc2d1dac/ENCFF277KFS.bed.gz	https://datasetencode.blob.core.windows.net/dataset/2017/01/10/7d8b977d-04ef-4f1f-947a-3a7bcc2d1dac/ENCFF277KFS.bed.gz?sv=2019-10-10&si=prod&sr=c&sig=9qSQZo4ggrCNpybBExU8SypuUZV33igI11xw0P7rB3c%3D	73135889			
ENCFF422UYG	bed bed3+	semi-automated genome annotation		ENCSR055DNR	chromatin state		ENCODE v1	CL:0000047	neuronal stem cell	in vitro differentiated cells				Homo sapiens		2021-07-28	ENCODE	Bill Noble, UW	2d77c0c0a4612f2647fc9d6ec4c85eb8		https://www.encodeproject.org/files/ENCFF422UYG/@@download/ENCFF422UYG.bed.gz	hg19		released		https://encode-public.s3.amazonaws.com/2017/01/10/3998d243-2125-4067-9c0a-0c8da84c21cc/ENCFF422UYG.bed.gz	https://datasetencode.blob.core.windows.net/dataset/2017/01/10/3998d243-2125-4067-9c0a-0c8da84c21cc/ENCFF422UYG.bed.gz?sv=2019-10-10&si=prod&sr=c&sig=9qSQZo4ggrCNpybBExU8SypuUZV33igI11xw0P7rB3c%3D	90766015			
ENCFF276EIW	bed bed3+	semi-automated genome annotation		ENCSR893NTD	chromatin state		ENCODE v1	CL:0000062	osteoblast	primary cell				Homo sapiens		2021-07-28	ENCODE	Bill Noble, UW	4311568abd63a958c7a028e82037d14f		https://www.encodeproject.org/files/ENCFF276EIW/@@download/ENCFF276EIW.bed.gz	hg19		released		https://encode-public.s3.amazonaws.com/2017/01/10/b5464d4d-516e-48e9-b833-e22a063d8c03/ENCFF276EIW.bed.gz	https://datasetencode.blob.core.windows.net/dataset/2017/01/10/b5464d4d-516e-48e9-b833-e22a063d8c03/ENCFF276EIW.bed.gz?sv=2019-10-10&si=prod&sr=c&sig=9qSQZo4ggrCNpybBExU8SypuUZV33igI11xw0P7rB3c%3D	55692766			
ENCFF017DMK	bed bed3+	semi-automated genome annotation		ENCSR493CAU	chromatin state		ENCODE v1	UBERON:0000992	ovary	tissue				Homo sapiens		2021-07-28	ENCODE	Bill Noble, UW	5ac146c809ebb5c022d2d269cfd664f5		https://www.encodeproject.org/files/ENCFF017DMK/@@download/ENCFF017DMK.bed.gz	hg19		released		https://encode-public.s3.amazonaws.com/2017/01/10/985b0486-067c-4100-af10-b4b1b7cd474e/ENCFF017DMK.bed.gz	https://datasetencode.blob.core.windows.net/dataset/2017/01/10/985b0486-067c-4100-af10-b4b1b7cd474e/ENCFF017DMK.bed.gz?sv=2019-10-10&si=prod&sr=c&sig=9qSQZo4ggrCNpybBExU8SypuUZV33igI11xw0P7rB3c%3D	60918239			
ENCFF393SOX	bed bed3+	semi-automated genome annotation		ENCSR303NTA	chromatin state		ENCODE v1	EFO:0005236	NT2/D1	cell line				Homo sapiens		2021-07-28	ENCODE	Bill Noble, UW	5a65664953a95455b851a9a4253efbf3		https://www.encodeproject.org/files/ENCFF393SOX/@@download/ENCFF393SOX.bed.gz	hg19		released		https://encode-public.s3.amazonaws.com/2017/01/10/b1ca32f5-af53-461b-a467-f5142682cee4/ENCFF393SOX.bed.gz	https://datasetencode.blob.core.windows.net/dataset/2017/01/10/b1ca32f5-af53-461b-a467-f5142682cee4/ENCFF393SOX.bed.gz?sv=2019-10-10&si=prod&sr=c&sig=9qSQZo4ggrCNpybBExU8SypuUZV33igI11xw0P7rB3c%3D	76626722			
ENCFF557FMU	bed bed3+	semi-automated genome annotation		ENCSR619BAH	chromatin state		ENCODE v1	UBERON:0000305	amnion	tissue				Homo sapiens		2021-07-28	ENCODE	Bill Noble, UW	ad4f27d1cc3887f54dbd2fb507a59a4f		https://www.encodeproject.org/files/ENCFF557FMU/@@download/ENCFF557FMU.bed.gz	hg19		released		https://encode-public.s3.amazonaws.com/2017/01/10/b08b403a-97d8-4613-9f5b-64e15a1d0b6f/ENCFF557FMU.bed.gz	https://datasetencode.blob.core.windows.net/dataset/2017/01/10/b08b403a-97d8-4613-9f5b-64e15a1d0b6f/ENCFF557FMU.bed.gz?sv=2019-10-10&si=prod&sr=c&sig=9qSQZo4ggrCNpybBExU8SypuUZV33igI11xw0P7rB3c%3D	78361667			
ENCFF221EGN	bed bed3+	semi-automated genome annotation		ENCSR552GVK	chromatin state		ENCODE v1	CL:0000746	cardiac muscle cell	primary cell				Homo sapiens		2021-07-28	ENCODE	Bill Noble, UW	2b9abef4266706ce50f8989831a1a8cd		https://www.encodeproject.org/files/ENCFF221EGN/@@download/ENCFF221EGN.bed.gz	hg19		released		https://encode-public.s3.amazonaws.com/2017/01/10/c8ffd8f5-1f15-4101-910c-bef8d49a7657/ENCFF221EGN.bed.gz	https://datasetencode.blob.core.windows.net/dataset/2017/01/10/c8ffd8f5-1f15-4101-910c-bef8d49a7657/ENCFF221EGN.bed.gz?sv=2019-10-10&si=prod&sr=c&sig=9qSQZo4ggrCNpybBExU8SypuUZV33igI11xw0P7rB3c%3D	71005576			
ENCFF847EBO	bed bed3+	semi-automated genome annotation		ENCSR303HRX	chromatin state		ENCODE v1	EFO:0001260	WI38	cell line				Homo sapiens		2021-07-28	ENCODE	Bill Noble, UW	c1a0dee93f0d33cf7122369c9690e14b		https://www.encodeproject.org/files/ENCFF847EBO/@@download/ENCFF847EBO.bed.gz	hg19		released		https://encode-public.s3.amazonaws.com/2017/01/10/1ebf89a1-08aa-413c-9a05-c4974e567044/ENCFF847EBO.bed.gz	https://datasetencode.blob.core.windows.net/dataset/2017/01/10/1ebf89a1-08aa-413c-9a05-c4974e567044/ENCFF847EBO.bed.gz?sv=2019-10-10&si=prod&sr=c&sig=9qSQZo4ggrCNpybBExU8SypuUZV33igI11xw0P7rB3c%3D	41598605			
ENCFF212LYI	bed bed3+	semi-automated genome annotation		ENCSR705DLW	chromatin state		ENCODE v1	EFO:0001196	IMR-90	cell line				Homo sapiens		2021-07-28	ENCODE	Bill Noble, UW	72f4a3ede779264c0a7a82a3ef0f76b8		https://www.encodeproject.org/files/ENCFF212LYI/@@download/ENCFF212LYI.bed.gz	hg19		released		https://encode-public.s3.amazonaws.com/2017/01/10/5465acda-b94e-4038-b066-f319461bf8d7/ENCFF212LYI.bed.gz	https://datasetencode.blob.core.windows.net/dataset/2017/01/10/5465acda-b94e-4038-b066-f319461bf8d7/ENCFF212LYI.bed.gz?sv=2019-10-10&si=prod&sr=c&sig=9qSQZo4ggrCNpybBExU8SypuUZV33igI11xw0P7rB3c%3D	30547700			
ENCFF264CGM	bed bed3+	semi-automated genome annotation		ENCSR751XTM	chromatin state		ENCODE v1	CL:0001059	common myeloid progenitor, CD34-positive	primary cell				Homo sapiens		2021-07-28	ENCODE	Bill Noble, UW	45116cc8af58daec36c5800404adc389		https://www.encodeproject.org/files/ENCFF264CGM/@@download/ENCFF264CGM.bed.gz	hg19		released		https://encode-public.s3.amazonaws.com/2017/01/10/8a21e4b4-3d58-4ceb-8b43-4c624b963f11/ENCFF264CGM.bed.gz	https://datasetencode.blob.core.windows.net/dataset/2017/01/10/8a21e4b4-3d58-4ceb-8b43-4c624b963f11/ENCFF264CGM.bed.gz?sv=2019-10-10&si=prod&sr=c&sig=9qSQZo4ggrCNpybBExU8SypuUZV33igI11xw0P7rB3c%3D	56379793			
ENCFF377YLU	bed bed3+	semi-automated genome annotation		ENCSR527LYT	chromatin state		ENCODE v1	EFO:0002786	GM12892	cell line				Homo sapiens		2021-07-28	ENCODE	Bill Noble, UW	06afe5cd3c27077ea94c2a31e8a2f656		https://www.encodeproject.org/files/ENCFF377YLU/@@download/ENCFF377YLU.bed.gz	hg19		released		https://encode-public.s3.amazonaws.com/2017/01/10/acf54af8-3ca4-4f83-96da-a6698f624264/ENCFF377YLU.bed.gz	https://datasetencode.blob.core.windows.net/dataset/2017/01/10/acf54af8-3ca4-4f83-96da-a6698f624264/ENCFF377YLU.bed.gz?sv=2019-10-10&si=prod&sr=c&sig=9qSQZo4ggrCNpybBExU8SypuUZV33igI11xw0P7rB3c%3D	58940409			
ENCFF872XRN	bed bed3+	semi-automated genome annotation		ENCSR999ZQC	chromatin state		ENCODE v1	EFO:0003045	H9	cell line				Homo sapiens		2021-07-28	ENCODE	Bill Noble, UW	9ed3be619a343c6febb2b3d20fc76409		https://www.encodeproject.org/files/ENCFF872XRN/@@download/ENCFF872XRN.bed.gz	hg19		released		https://encode-public.s3.amazonaws.com/2017/01/10/8538498a-4c2d-4526-a917-5df1ffd0bda9/ENCFF872XRN.bed.gz	https://datasetencode.blob.core.windows.net/dataset/2017/01/10/8538498a-4c2d-4526-a917-5df1ffd0bda9/ENCFF872XRN.bed.gz?sv=2019-10-10&si=prod&sr=c&sig=9qSQZo4ggrCNpybBExU8SypuUZV33igI11xw0P7rB3c%3D	90969914			
ENCFF508MEC	bed bed3+	semi-automated genome annotation		ENCSR442KOZ	chromatin state		ENCODE v1	EFO:0002824	HCT116	cell line				Homo sapiens		2021-07-28	ENCODE	Bill Noble, UW	330ab103977dea11e0fd06974924ec96		https://www.encodeproject.org/files/ENCFF508MEC/@@download/ENCFF508MEC.bed.gz	hg19		released		https://encode-public.s3.amazonaws.com/2017/01/10/bc117319-477d-4f28-99ed-6a1d088bf7d8/ENCFF508MEC.bed.gz	https://datasetencode.blob.core.windows.net/dataset/2017/01/10/bc117319-477d-4f28-99ed-6a1d088bf7d8/ENCFF508MEC.bed.gz?sv=2019-10-10&si=prod&sr=c&sig=9qSQZo4ggrCNpybBExU8SypuUZV33igI11xw0P7rB3c%3D	46910134			
ENCFF506WHF	bed bed3+	semi-automated genome annotation		ENCSR660TVK	chromatin state		ENCODE v1	UBERON:0003346	mucosa of rectum	tissue				Homo sapiens		2021-07-28	ENCODE	Bill Noble, UW	011bd2b87424613a8de8127eb15ba342		https://www.encodeproject.org/files/ENCFF506WHF/@@download/ENCFF506WHF.bed.gz	hg19		released		https://encode-public.s3.amazonaws.com/2017/01/10/4be62488-ac70-40ba-be37-230b067907fb/ENCFF506WHF.bed.gz	https://datasetencode.blob.core.windows.net/dataset/2017/01/10/4be62488-ac70-40ba-be37-230b067907fb/ENCFF506WHF.bed.gz?sv=2019-10-10&si=prod&sr=c&sig=9qSQZo4ggrCNpybBExU8SypuUZV33igI11xw0P7rB3c%3D	60037282			
ENCFF262NAK	bed bed3+	semi-automated genome annotation		ENCSR878BOI	chromatin state		ENCODE v1	UBERON:0004222	stomach smooth muscle	tissue				Homo sapiens		2021-07-28	ENCODE	Bill Noble, UW	b8dda1cf5f253ad73ffd8d32b398a4fa		https://www.encodeproject.org/files/ENCFF262NAK/@@download/ENCFF262NAK.bed.gz	hg19		released		https://encode-public.s3.amazonaws.com/2017/01/10/b523d850-d817-4812-8c61-22ca6c1b2b13/ENCFF262NAK.bed.gz	https://datasetencode.blob.core.windows.net/dataset/2017/01/10/b523d850-d817-4812-8c61-22ca6c1b2b13/ENCFF262NAK.bed.gz?sv=2019-10-10&si=prod&sr=c&sig=9qSQZo4ggrCNpybBExU8SypuUZV33igI11xw0P7rB3c%3D	57399816			
ENCFF870IVU	bed bed3+	semi-automated genome annotation		ENCSR898TNZ	chromatin state		ENCODE v1	EFO:0007086	HUES6	cell line				Homo sapiens		2021-07-28	ENCODE	Bill Noble, UW	d6d2222451aaf4e194d46e1daa5f192a		https://www.encodeproject.org/files/ENCFF870IVU/@@download/ENCFF870IVU.bed.gz	hg19		released		https://encode-public.s3.amazonaws.com/2017/01/10/f8d912da-7638-4d20-b40f-74ce1c47f074/ENCFF870IVU.bed.gz	https://datasetencode.blob.core.windows.net/dataset/2017/01/10/f8d912da-7638-4d20-b40f-74ce1c47f074/ENCFF870IVU.bed.gz?sv=2019-10-10&si=prod&sr=c&sig=9qSQZo4ggrCNpybBExU8SypuUZV33igI11xw0P7rB3c%3D	53665590			
ENCFF272VGJ	bed bed3+	semi-automated genome annotation		ENCSR008CVZ	chromatin state		ENCODE v1	EFO:0005714	LHCN-M2	cell line				Homo sapiens		2021-07-28	ENCODE	Bill Noble, UW	045b680135913c05c5fb5ce143c37f17		https://www.encodeproject.org/files/ENCFF272VGJ/@@download/ENCFF272VGJ.bed.gz	hg19		released		https://encode-public.s3.amazonaws.com/2017/01/10/f5101706-20b6-4301-9580-397bafca3362/ENCFF272VGJ.bed.gz	https://datasetencode.blob.core.windows.net/dataset/2017/01/10/f5101706-20b6-4301-9580-397bafca3362/ENCFF272VGJ.bed.gz?sv=2019-10-10&si=prod&sr=c&sig=9qSQZo4ggrCNpybBExU8SypuUZV33igI11xw0P7rB3c%3D	53473396			
ENCFF525LDS	bed bed3+	semi-automated genome annotation		ENCSR979OPZ	chromatin state		ENCODE v1	EFO:0001203	MCF-7	cell line				Homo sapiens		2021-07-28	ENCODE	Bill Noble, UW	4e960a7becc8635a18a852c741ed9cb5		https://www.encodeproject.org/files/ENCFF525LDS/@@download/ENCFF525LDS.bed.gz	hg19		released		https://encode-public.s3.amazonaws.com/2017/01/10/2e8871aa-db8b-4aff-8860-356b6cf8d01f/ENCFF525LDS.bed.gz	https://datasetencode.blob.core.windows.net/dataset/2017/01/10/2e8871aa-db8b-4aff-8860-356b6cf8d01f/ENCFF525LDS.bed.gz?sv=2019-10-10&si=prod&sr=c&sig=9qSQZo4ggrCNpybBExU8SypuUZV33igI11xw0P7rB3c%3D	3151140			
ENCFF080OSA	bed bed3+	semi-automated genome annotation		ENCSR741CWL	chromatin state		ENCODE v1	EFO:0002860	SK-N-MC	cell line				Homo sapiens		2021-07-28	ENCODE	Bill Noble, UW	561aea19cb01ea3eded177a50c737469		https://www.encodeproject.org/files/ENCFF080OSA/@@download/ENCFF080OSA.bed.gz	hg19		released		https://encode-public.s3.amazonaws.com/2017/01/10/33141824-6307-40ce-98a3-517e56750779/ENCFF080OSA.bed.gz	https://datasetencode.blob.core.windows.net/dataset/2017/01/10/33141824-6307-40ce-98a3-517e56750779/ENCFF080OSA.bed.gz?sv=2019-10-10&si=prod&sr=c&sig=9qSQZo4ggrCNpybBExU8SypuUZV33igI11xw0P7rB3c%3D	63630193			
ENCFF848MPK	bed bed3+	semi-automated genome annotation		ENCSR621JUW	chromatin state		ENCODE v1	UBERON:0002108	small intestine	tissue				Homo sapiens		2021-07-28	ENCODE	Bill Noble, UW	79cccd2e6f88b2720a05f4807c5f53b7		https://www.encodeproject.org/files/ENCFF848MPK/@@download/ENCFF848MPK.bed.gz	hg19		released		https://encode-public.s3.amazonaws.com/2017/01/10/c2f2d5cd-c3c9-4694-acc4-aed8bb710bfc/ENCFF848MPK.bed.gz	https://datasetencode.blob.core.windows.net/dataset/2017/01/10/c2f2d5cd-c3c9-4694-acc4-aed8bb710bfc/ENCFF848MPK.bed.gz?sv=2019-10-10&si=prod&sr=c&sig=9qSQZo4ggrCNpybBExU8SypuUZV33igI11xw0P7rB3c%3D	37725985			
ENCFF244HQX	bed bed3+	semi-automated genome annotation		ENCSR472NZU	chromatin state		ENCODE v1	EFO:0005715	WERI-Rb-1	cell line				Homo sapiens		2021-07-28	ENCODE	Bill Noble, UW	e9448454f41c399261c36661a7c64eec		https://www.encodeproject.org/files/ENCFF244HQX/@@download/ENCFF244HQX.bed.gz	hg19		released		https://encode-public.s3.amazonaws.com/2017/01/10/d1607f36-a226-4186-b5f4-55e95424ad16/ENCFF244HQX.bed.gz	https://datasetencode.blob.core.windows.net/dataset/2017/01/10/d1607f36-a226-4186-b5f4-55e95424ad16/ENCFF244HQX.bed.gz?sv=2019-10-10&si=prod&sr=c&sig=9qSQZo4ggrCNpybBExU8SypuUZV33igI11xw0P7rB3c%3D	54207387			
